-- phpMyAdmin SQL Dump
-- version 5.2.1
-- https://www.phpmyadmin.net/
--
-- Host: 127.0.0.1
-- Waktu pembuatan: 03 Des 2025 pada 07.25
-- Versi server: 10.4.32-MariaDB
-- Versi PHP: 8.2.12

SET SQL_MODE = "NO_AUTO_VALUE_ON_ZERO";
START TRANSACTION;
SET time_zone = "+00:00";


/*!40101 SET @OLD_CHARACTER_SET_CLIENT=@@CHARACTER_SET_CLIENT */;
/*!40101 SET @OLD_CHARACTER_SET_RESULTS=@@CHARACTER_SET_RESULTS */;
/*!40101 SET @OLD_COLLATION_CONNECTION=@@COLLATION_CONNECTION */;
/*!40101 SET NAMES utf8mb4 */;

--
-- Database: `school_db`
--

-- --------------------------------------------------------

--
-- Struktur dari tabel `admin_permissions`
--

CREATE TABLE `admin_permissions` (
  `id` int(10) UNSIGNED NOT NULL,
  `document_id` varchar(255) DEFAULT NULL,
  `action` varchar(255) DEFAULT NULL,
  `action_parameters` longtext CHARACTER SET utf8mb4 COLLATE utf8mb4_bin DEFAULT NULL CHECK (json_valid(`action_parameters`)),
  `subject` varchar(255) DEFAULT NULL,
  `properties` longtext CHARACTER SET utf8mb4 COLLATE utf8mb4_bin DEFAULT NULL CHECK (json_valid(`properties`)),
  `conditions` longtext CHARACTER SET utf8mb4 COLLATE utf8mb4_bin DEFAULT NULL CHECK (json_valid(`conditions`)),
  `created_at` datetime(6) DEFAULT NULL,
  `updated_at` datetime(6) DEFAULT NULL,
  `published_at` datetime(6) DEFAULT NULL,
  `created_by_id` int(10) UNSIGNED DEFAULT NULL,
  `updated_by_id` int(10) UNSIGNED DEFAULT NULL,
  `locale` varchar(255) DEFAULT NULL
) ENGINE=InnoDB DEFAULT CHARSET=utf8mb4 COLLATE=utf8mb4_general_ci;

--
-- Dumping data untuk tabel `admin_permissions`
--

INSERT INTO `admin_permissions` (`id`, `document_id`, `action`, `action_parameters`, `subject`, `properties`, `conditions`, `created_at`, `updated_at`, `published_at`, `created_by_id`, `updated_by_id`, `locale`) VALUES
(1, 'e5sf3hh7uhoy5lm5okz4mwwj', 'plugin::content-manager.explorer.create', '{}', 'api::lesson.lesson', '{\"fields\":[\"lesson_name\",\"teacher\",\"student_lessons\"]}', '[]', '2025-12-02 17:34:57.011000', '2025-12-02 17:34:57.011000', '2025-12-02 17:34:57.011000', NULL, NULL, NULL),
(2, 'gga7q6tjrdaabxacwcpr06r8', 'plugin::content-manager.explorer.create', '{}', 'api::student.student', '{\"fields\":[\"student_name\",\"nisn\",\"student_lessons\"]}', '[]', '2025-12-02 17:34:57.028000', '2025-12-02 17:34:57.028000', '2025-12-02 17:34:57.028000', NULL, NULL, NULL),
(3, 'fintp7l1ejaixpd8cggrbmnv', 'plugin::content-manager.explorer.create', '{}', 'api::student-lesson.student-lesson', '{\"fields\":[\"students\",\"lessons\"]}', '[]', '2025-12-02 17:34:57.042000', '2025-12-02 17:34:57.042000', '2025-12-02 17:34:57.043000', NULL, NULL, NULL),
(4, 'lpdpy2299vjv6atvni2xe06v', 'plugin::content-manager.explorer.create', '{}', 'api::teacher.teacher', '{\"fields\":[\"teacher_name\",\"lessons\"]}', '[]', '2025-12-02 17:34:57.052000', '2025-12-02 17:34:57.052000', '2025-12-02 17:34:57.052000', NULL, NULL, NULL),
(5, 'h68f60w8dz2crr3mqtgdyw8l', 'plugin::content-manager.explorer.read', '{}', 'api::lesson.lesson', '{\"fields\":[\"lesson_name\",\"teacher\",\"student_lessons\"]}', '[]', '2025-12-02 17:34:57.064000', '2025-12-02 17:34:57.064000', '2025-12-02 17:34:57.064000', NULL, NULL, NULL),
(6, 'czmw99dmancq6ssenrsxo2dx', 'plugin::content-manager.explorer.read', '{}', 'api::student.student', '{\"fields\":[\"student_name\",\"nisn\",\"student_lessons\"]}', '[]', '2025-12-02 17:34:57.075000', '2025-12-02 17:34:57.075000', '2025-12-02 17:34:57.075000', NULL, NULL, NULL),
(7, 'goo5dw6i1ke4q3u6gjf7xei8', 'plugin::content-manager.explorer.read', '{}', 'api::student-lesson.student-lesson', '{\"fields\":[\"students\",\"lessons\"]}', '[]', '2025-12-02 17:34:57.084000', '2025-12-02 17:34:57.084000', '2025-12-02 17:34:57.084000', NULL, NULL, NULL),
(8, 'mpfs8ve2r0qbo2m15py5e348', 'plugin::content-manager.explorer.read', '{}', 'api::teacher.teacher', '{\"fields\":[\"teacher_name\",\"lessons\"]}', '[]', '2025-12-02 17:34:57.093000', '2025-12-02 17:34:57.093000', '2025-12-02 17:34:57.093000', NULL, NULL, NULL),
(9, 'u1k0ava4igofi48ckbc1afkg', 'plugin::content-manager.explorer.update', '{}', 'api::lesson.lesson', '{\"fields\":[\"lesson_name\",\"teacher\",\"student_lessons\"]}', '[]', '2025-12-02 17:34:57.103000', '2025-12-02 17:34:57.103000', '2025-12-02 17:34:57.103000', NULL, NULL, NULL),
(10, 'sogareser5dvu6ffd7ym1yms', 'plugin::content-manager.explorer.update', '{}', 'api::student.student', '{\"fields\":[\"student_name\",\"nisn\",\"student_lessons\"]}', '[]', '2025-12-02 17:34:57.113000', '2025-12-02 17:34:57.113000', '2025-12-02 17:34:57.113000', NULL, NULL, NULL),
(11, 'ifymgwbxr8g10q9s864r4x0d', 'plugin::content-manager.explorer.update', '{}', 'api::student-lesson.student-lesson', '{\"fields\":[\"students\",\"lessons\"]}', '[]', '2025-12-02 17:34:57.126000', '2025-12-02 17:34:57.126000', '2025-12-02 17:34:57.126000', NULL, NULL, NULL),
(12, 'wpbkv04pb7mddocx1f2lgu47', 'plugin::content-manager.explorer.update', '{}', 'api::teacher.teacher', '{\"fields\":[\"teacher_name\",\"lessons\"]}', '[]', '2025-12-02 17:34:57.137000', '2025-12-02 17:34:57.137000', '2025-12-02 17:34:57.137000', NULL, NULL, NULL),
(13, 'gymxnd2u2hm9nujti95ti83c', 'plugin::content-manager.explorer.delete', '{}', 'api::lesson.lesson', '{}', '[]', '2025-12-02 17:34:57.148000', '2025-12-02 17:34:57.148000', '2025-12-02 17:34:57.148000', NULL, NULL, NULL),
(14, 'tlgwxu1xaz90rcr3sceuppjq', 'plugin::content-manager.explorer.delete', '{}', 'api::student.student', '{}', '[]', '2025-12-02 17:34:57.157000', '2025-12-02 17:34:57.157000', '2025-12-02 17:34:57.157000', NULL, NULL, NULL),
(15, 'av7foekxl891b91vknauplxg', 'plugin::content-manager.explorer.delete', '{}', 'api::student-lesson.student-lesson', '{}', '[]', '2025-12-02 17:34:57.169000', '2025-12-02 17:34:57.169000', '2025-12-02 17:34:57.169000', NULL, NULL, NULL),
(16, 'ogoxhwtpsjkaus9trwuor2gh', 'plugin::content-manager.explorer.delete', '{}', 'api::teacher.teacher', '{}', '[]', '2025-12-02 17:34:57.180000', '2025-12-02 17:34:57.180000', '2025-12-02 17:34:57.180000', NULL, NULL, NULL),
(17, 'xms5vkxibjpap6gypjembv9g', 'plugin::content-manager.explorer.publish', '{}', 'api::lesson.lesson', '{}', '[]', '2025-12-02 17:34:57.192000', '2025-12-02 17:34:57.192000', '2025-12-02 17:34:57.192000', NULL, NULL, NULL),
(18, 'z13w3n9m5iut9x5zp4rzi1zu', 'plugin::content-manager.explorer.publish', '{}', 'api::student.student', '{}', '[]', '2025-12-02 17:34:57.203000', '2025-12-02 17:34:57.203000', '2025-12-02 17:34:57.203000', NULL, NULL, NULL),
(19, 'em1i3octaohdz66vdrb0mg4u', 'plugin::content-manager.explorer.publish', '{}', 'api::student-lesson.student-lesson', '{}', '[]', '2025-12-02 17:34:57.212000', '2025-12-02 17:34:57.212000', '2025-12-02 17:34:57.213000', NULL, NULL, NULL),
(20, 'g5qhgmi87szbd13p38q8fsx6', 'plugin::content-manager.explorer.publish', '{}', 'api::teacher.teacher', '{}', '[]', '2025-12-02 17:34:57.223000', '2025-12-02 17:34:57.223000', '2025-12-02 17:34:57.224000', NULL, NULL, NULL),
(21, 'l6d7zs3hkqdpoxmprvsom2ye', 'plugin::upload.read', '{}', NULL, '{}', '[]', '2025-12-02 17:34:57.234000', '2025-12-02 17:34:57.234000', '2025-12-02 17:34:57.234000', NULL, NULL, NULL),
(22, 'u6ahm9a18y9wwn1lf1syqk8c', 'plugin::upload.configure-view', '{}', NULL, '{}', '[]', '2025-12-02 17:34:57.243000', '2025-12-02 17:34:57.243000', '2025-12-02 17:34:57.243000', NULL, NULL, NULL),
(23, 'vsqwigdcxb8v3b6m2eyk2lyr', 'plugin::upload.assets.create', '{}', NULL, '{}', '[]', '2025-12-02 17:34:57.252000', '2025-12-02 17:34:57.252000', '2025-12-02 17:34:57.252000', NULL, NULL, NULL),
(24, 'u54a7tia3kiscm4ly2f1w6wv', 'plugin::upload.assets.update', '{}', NULL, '{}', '[]', '2025-12-02 17:34:57.262000', '2025-12-02 17:34:57.262000', '2025-12-02 17:34:57.263000', NULL, NULL, NULL),
(25, 'tfsbm9efu8x31pfcnuo9kfgg', 'plugin::upload.assets.download', '{}', NULL, '{}', '[]', '2025-12-02 17:34:57.274000', '2025-12-02 17:34:57.274000', '2025-12-02 17:34:57.275000', NULL, NULL, NULL),
(26, 'see2m4tysz7w6xcmkwd4nu7z', 'plugin::upload.assets.copy-link', '{}', NULL, '{}', '[]', '2025-12-02 17:34:57.286000', '2025-12-02 17:34:57.286000', '2025-12-02 17:34:57.286000', NULL, NULL, NULL),
(27, 'kta0r1pft1aal0x5imgtb0pe', 'plugin::content-manager.explorer.create', '{}', 'api::lesson.lesson', '{\"fields\":[\"lesson_name\",\"teacher\",\"student_lessons\"]}', '[\"admin::is-creator\"]', '2025-12-02 17:34:57.301000', '2025-12-02 17:34:57.301000', '2025-12-02 17:34:57.301000', NULL, NULL, NULL),
(28, 'hvzq0arxmz38agdxpe55bdvn', 'plugin::content-manager.explorer.create', '{}', 'api::student.student', '{\"fields\":[\"student_name\",\"nisn\",\"student_lessons\"]}', '[\"admin::is-creator\"]', '2025-12-02 17:34:57.311000', '2025-12-02 17:34:57.311000', '2025-12-02 17:34:57.311000', NULL, NULL, NULL),
(29, 'dnkhbe2p00ufcbnzu80v2tj3', 'plugin::content-manager.explorer.create', '{}', 'api::student-lesson.student-lesson', '{\"fields\":[\"students\",\"lessons\"]}', '[\"admin::is-creator\"]', '2025-12-02 17:34:57.319000', '2025-12-02 17:34:57.319000', '2025-12-02 17:34:57.319000', NULL, NULL, NULL),
(30, 'bi4l19plw4egcmxoen6baydn', 'plugin::content-manager.explorer.create', '{}', 'api::teacher.teacher', '{\"fields\":[\"teacher_name\",\"lessons\"]}', '[\"admin::is-creator\"]', '2025-12-02 17:34:57.330000', '2025-12-02 17:34:57.330000', '2025-12-02 17:34:57.330000', NULL, NULL, NULL),
(31, 'ecjj2u3720rxlh58t8bhegf8', 'plugin::content-manager.explorer.read', '{}', 'api::lesson.lesson', '{\"fields\":[\"lesson_name\",\"teacher\",\"student_lessons\"]}', '[\"admin::is-creator\"]', '2025-12-02 17:34:57.344000', '2025-12-02 17:34:57.344000', '2025-12-02 17:34:57.345000', NULL, NULL, NULL),
(32, 'fdnee6ek3mvy415hjb853l0y', 'plugin::content-manager.explorer.read', '{}', 'api::student.student', '{\"fields\":[\"student_name\",\"nisn\",\"student_lessons\"]}', '[\"admin::is-creator\"]', '2025-12-02 17:34:57.356000', '2025-12-02 17:34:57.356000', '2025-12-02 17:34:57.356000', NULL, NULL, NULL),
(33, 'be31b4wet6ei4uwh6llu6e0e', 'plugin::content-manager.explorer.read', '{}', 'api::student-lesson.student-lesson', '{\"fields\":[\"students\",\"lessons\"]}', '[\"admin::is-creator\"]', '2025-12-02 17:34:57.365000', '2025-12-02 17:34:57.365000', '2025-12-02 17:34:57.366000', NULL, NULL, NULL),
(34, 'odpnufxg3nl9o1ymg51q872c', 'plugin::content-manager.explorer.read', '{}', 'api::teacher.teacher', '{\"fields\":[\"teacher_name\",\"lessons\"]}', '[\"admin::is-creator\"]', '2025-12-02 17:34:57.374000', '2025-12-02 17:34:57.374000', '2025-12-02 17:34:57.374000', NULL, NULL, NULL),
(35, 'nftbwhhptpwlq366jlto9mkx', 'plugin::content-manager.explorer.update', '{}', 'api::lesson.lesson', '{\"fields\":[\"lesson_name\",\"teacher\",\"student_lessons\"]}', '[\"admin::is-creator\"]', '2025-12-02 17:34:57.381000', '2025-12-02 17:34:57.381000', '2025-12-02 17:34:57.381000', NULL, NULL, NULL),
(36, 'c9kswq4c2qf8vsd7lao09zgx', 'plugin::content-manager.explorer.update', '{}', 'api::student.student', '{\"fields\":[\"student_name\",\"nisn\",\"student_lessons\"]}', '[\"admin::is-creator\"]', '2025-12-02 17:34:57.425000', '2025-12-02 17:34:57.425000', '2025-12-02 17:34:57.425000', NULL, NULL, NULL),
(37, 'x0015bnaq6ky13d6y143mdm0', 'plugin::content-manager.explorer.update', '{}', 'api::student-lesson.student-lesson', '{\"fields\":[\"students\",\"lessons\"]}', '[\"admin::is-creator\"]', '2025-12-02 17:34:57.437000', '2025-12-02 17:34:57.437000', '2025-12-02 17:34:57.437000', NULL, NULL, NULL),
(38, 'deaucwomxh3j7e4qb9kjzimc', 'plugin::content-manager.explorer.update', '{}', 'api::teacher.teacher', '{\"fields\":[\"teacher_name\",\"lessons\"]}', '[\"admin::is-creator\"]', '2025-12-02 17:34:57.451000', '2025-12-02 17:34:57.451000', '2025-12-02 17:34:57.452000', NULL, NULL, NULL),
(39, 'nxsjn55fb3yimho1xen7cp9w', 'plugin::content-manager.explorer.delete', '{}', 'api::lesson.lesson', '{}', '[\"admin::is-creator\"]', '2025-12-02 17:34:57.460000', '2025-12-02 17:34:57.460000', '2025-12-02 17:34:57.461000', NULL, NULL, NULL),
(40, 'm4dy24vnmft46niutvrc0fxq', 'plugin::content-manager.explorer.delete', '{}', 'api::student.student', '{}', '[\"admin::is-creator\"]', '2025-12-02 17:34:57.476000', '2025-12-02 17:34:57.476000', '2025-12-02 17:34:57.476000', NULL, NULL, NULL),
(41, 'deyq7rz7fwetetufeearionu', 'plugin::content-manager.explorer.delete', '{}', 'api::student-lesson.student-lesson', '{}', '[\"admin::is-creator\"]', '2025-12-02 17:34:57.496000', '2025-12-02 17:34:57.496000', '2025-12-02 17:34:57.496000', NULL, NULL, NULL),
(42, 'a4h8jztko709nlsvdz4cn30w', 'plugin::content-manager.explorer.delete', '{}', 'api::teacher.teacher', '{}', '[\"admin::is-creator\"]', '2025-12-02 17:34:57.518000', '2025-12-02 17:34:57.518000', '2025-12-02 17:34:57.518000', NULL, NULL, NULL),
(43, 'p0pcizf5ekz9n4t4koj7m4xt', 'plugin::upload.read', '{}', NULL, '{}', '[\"admin::is-creator\"]', '2025-12-02 17:34:57.529000', '2025-12-02 17:34:57.529000', '2025-12-02 17:34:57.529000', NULL, NULL, NULL),
(44, 'kntcsahp5vy594pcqsaajrjq', 'plugin::upload.configure-view', '{}', NULL, '{}', '[]', '2025-12-02 17:34:57.560000', '2025-12-02 17:34:57.560000', '2025-12-02 17:34:57.560000', NULL, NULL, NULL),
(45, 'ki7rfcglb28cuqt7wjenox38', 'plugin::upload.assets.create', '{}', NULL, '{}', '[]', '2025-12-02 17:34:57.569000', '2025-12-02 17:34:57.569000', '2025-12-02 17:34:57.569000', NULL, NULL, NULL),
(46, 'lu55ikh0z9yp35f2ozx7vp82', 'plugin::upload.assets.update', '{}', NULL, '{}', '[\"admin::is-creator\"]', '2025-12-02 17:34:57.577000', '2025-12-02 17:34:57.577000', '2025-12-02 17:34:57.577000', NULL, NULL, NULL),
(47, 'zrnhqakbx0ms4s4fmshihjdd', 'plugin::upload.assets.download', '{}', NULL, '{}', '[]', '2025-12-02 17:34:57.586000', '2025-12-02 17:34:57.586000', '2025-12-02 17:34:57.586000', NULL, NULL, NULL),
(48, 'rlwyy8nqvr6ngdwg40rxkisg', 'plugin::upload.assets.copy-link', '{}', NULL, '{}', '[]', '2025-12-02 17:34:57.597000', '2025-12-02 17:34:57.597000', '2025-12-02 17:34:57.597000', NULL, NULL, NULL),
(49, 'qhiwldninkqaeqp4351dt7jp', 'plugin::content-manager.explorer.create', '{}', 'plugin::users-permissions.user', '{\"fields\":[\"username\",\"email\",\"provider\",\"password\",\"resetPasswordToken\",\"confirmationToken\",\"confirmed\",\"blocked\",\"role\"]}', '[]', '2025-12-02 17:34:57.654000', '2025-12-02 17:34:57.654000', '2025-12-02 17:34:57.654000', NULL, NULL, NULL),
(50, 'wa6el6ipqd45f9stu52mjvrf', 'plugin::content-manager.explorer.create', '{}', 'api::lesson.lesson', '{\"fields\":[\"lesson_name\",\"teacher\",\"student_lessons\"]}', '[]', '2025-12-02 17:34:57.663000', '2025-12-02 17:34:57.663000', '2025-12-02 17:34:57.663000', NULL, NULL, NULL),
(51, 'bq0s0qboq44jgixoc8jhzhac', 'plugin::content-manager.explorer.create', '{}', 'api::student.student', '{\"fields\":[\"student_name\",\"nisn\",\"student_lessons\"]}', '[]', '2025-12-02 17:34:57.674000', '2025-12-02 17:34:57.674000', '2025-12-02 17:34:57.674000', NULL, NULL, NULL),
(52, 'ljvizawlyw8qeqj6pjhgegog', 'plugin::content-manager.explorer.create', '{}', 'api::student-lesson.student-lesson', '{\"fields\":[\"students\",\"lessons\"]}', '[]', '2025-12-02 17:34:57.684000', '2025-12-02 17:34:57.684000', '2025-12-02 17:34:57.685000', NULL, NULL, NULL),
(53, 'har3xqbatcs8qwea2jmirgo5', 'plugin::content-manager.explorer.create', '{}', 'api::teacher.teacher', '{\"fields\":[\"teacher_name\",\"lessons\"]}', '[]', '2025-12-02 17:34:57.695000', '2025-12-02 17:34:57.695000', '2025-12-02 17:34:57.695000', NULL, NULL, NULL),
(54, 'fb7xi95xrq3gsgdpdg2mi27t', 'plugin::content-manager.explorer.read', '{}', 'plugin::users-permissions.user', '{\"fields\":[\"username\",\"email\",\"provider\",\"password\",\"resetPasswordToken\",\"confirmationToken\",\"confirmed\",\"blocked\",\"role\"]}', '[]', '2025-12-02 17:34:57.703000', '2025-12-02 17:34:57.703000', '2025-12-02 17:34:57.703000', NULL, NULL, NULL),
(55, 'w5ddmc1aalffeqcs20q9c270', 'plugin::content-manager.explorer.read', '{}', 'api::lesson.lesson', '{\"fields\":[\"lesson_name\",\"teacher\",\"student_lessons\"]}', '[]', '2025-12-02 17:34:57.710000', '2025-12-02 17:34:57.710000', '2025-12-02 17:34:57.710000', NULL, NULL, NULL),
(56, 'mgol3agmnb6x476w9owuzjzs', 'plugin::content-manager.explorer.read', '{}', 'api::student.student', '{\"fields\":[\"student_name\",\"nisn\",\"student_lessons\"]}', '[]', '2025-12-02 17:34:57.717000', '2025-12-02 17:34:57.717000', '2025-12-02 17:34:57.717000', NULL, NULL, NULL),
(57, 'hm9aosxwbmdsvwadtnamevyx', 'plugin::content-manager.explorer.read', '{}', 'api::student-lesson.student-lesson', '{\"fields\":[\"students\",\"lessons\"]}', '[]', '2025-12-02 17:34:57.726000', '2025-12-02 17:34:57.726000', '2025-12-02 17:34:57.726000', NULL, NULL, NULL),
(58, 'f1nj9ncjosh5iyvfced3c1og', 'plugin::content-manager.explorer.read', '{}', 'api::teacher.teacher', '{\"fields\":[\"teacher_name\",\"lessons\"]}', '[]', '2025-12-02 17:34:57.735000', '2025-12-02 17:34:57.735000', '2025-12-02 17:34:57.735000', NULL, NULL, NULL),
(59, 'oe82beoagz76cxonzt1nw2rw', 'plugin::content-manager.explorer.update', '{}', 'plugin::users-permissions.user', '{\"fields\":[\"username\",\"email\",\"provider\",\"password\",\"resetPasswordToken\",\"confirmationToken\",\"confirmed\",\"blocked\",\"role\"]}', '[]', '2025-12-02 17:34:57.753000', '2025-12-02 17:34:57.753000', '2025-12-02 17:34:57.753000', NULL, NULL, NULL),
(60, 'begnl8t2hsel7uimpoay3csz', 'plugin::content-manager.explorer.update', '{}', 'api::lesson.lesson', '{\"fields\":[\"lesson_name\",\"teacher\",\"student_lessons\"]}', '[]', '2025-12-02 17:34:57.763000', '2025-12-02 17:34:57.763000', '2025-12-02 17:34:57.763000', NULL, NULL, NULL),
(61, 'swmbc6ok2yvdn2aqysqvhru0', 'plugin::content-manager.explorer.update', '{}', 'api::student.student', '{\"fields\":[\"student_name\",\"nisn\",\"student_lessons\"]}', '[]', '2025-12-02 17:34:57.770000', '2025-12-02 17:34:57.770000', '2025-12-02 17:34:57.770000', NULL, NULL, NULL),
(62, 'iuv0vh1egt09t1iuixmsfxnf', 'plugin::content-manager.explorer.update', '{}', 'api::student-lesson.student-lesson', '{\"fields\":[\"students\",\"lessons\"]}', '[]', '2025-12-02 17:34:57.777000', '2025-12-02 17:34:57.777000', '2025-12-02 17:34:57.777000', NULL, NULL, NULL),
(63, 'xbb3p4og2aba5owyvz9tlz8c', 'plugin::content-manager.explorer.update', '{}', 'api::teacher.teacher', '{\"fields\":[\"teacher_name\",\"lessons\"]}', '[]', '2025-12-02 17:34:57.784000', '2025-12-02 17:34:57.784000', '2025-12-02 17:34:57.784000', NULL, NULL, NULL),
(64, 'achbs855krokafwnju99nn27', 'plugin::content-manager.explorer.delete', '{}', 'plugin::users-permissions.user', '{}', '[]', '2025-12-02 17:34:57.792000', '2025-12-02 17:34:57.792000', '2025-12-02 17:34:57.792000', NULL, NULL, NULL),
(65, 'ng92mjf52pmnx3t4x4i652jy', 'plugin::content-manager.explorer.delete', '{}', 'api::lesson.lesson', '{}', '[]', '2025-12-02 17:34:57.799000', '2025-12-02 17:34:57.799000', '2025-12-02 17:34:57.799000', NULL, NULL, NULL),
(66, 'hj76klrt3exq3n005j3w95mb', 'plugin::content-manager.explorer.delete', '{}', 'api::student.student', '{}', '[]', '2025-12-02 17:34:57.806000', '2025-12-02 17:34:57.806000', '2025-12-02 17:34:57.806000', NULL, NULL, NULL),
(67, 'khukz7b3twni2flz0giaod30', 'plugin::content-manager.explorer.delete', '{}', 'api::student-lesson.student-lesson', '{}', '[]', '2025-12-02 17:34:57.813000', '2025-12-02 17:34:57.813000', '2025-12-02 17:34:57.813000', NULL, NULL, NULL),
(68, 'jsw5spwvlb0m327gzc4nttwl', 'plugin::content-manager.explorer.delete', '{}', 'api::teacher.teacher', '{}', '[]', '2025-12-02 17:34:57.820000', '2025-12-02 17:34:57.820000', '2025-12-02 17:34:57.820000', NULL, NULL, NULL),
(69, 'pew4lxuwl9n7lhepyfmw34cr', 'plugin::content-manager.explorer.publish', '{}', 'plugin::users-permissions.user', '{}', '[]', '2025-12-02 17:34:57.828000', '2025-12-02 17:34:57.828000', '2025-12-02 17:34:57.828000', NULL, NULL, NULL),
(70, 'inhi8ne9mtb6sf2hy3fbxf6h', 'plugin::content-manager.explorer.publish', '{}', 'api::lesson.lesson', '{}', '[]', '2025-12-02 17:34:57.839000', '2025-12-02 17:34:57.839000', '2025-12-02 17:34:57.839000', NULL, NULL, NULL),
(71, 'andtct5qqm042f2gxe8c6wla', 'plugin::content-manager.explorer.publish', '{}', 'api::student.student', '{}', '[]', '2025-12-02 17:34:57.851000', '2025-12-02 17:34:57.851000', '2025-12-02 17:34:57.851000', NULL, NULL, NULL),
(72, 'xapngljxao49gi47bxojx138', 'plugin::content-manager.explorer.publish', '{}', 'api::student-lesson.student-lesson', '{}', '[]', '2025-12-02 17:34:57.865000', '2025-12-02 17:34:57.865000', '2025-12-02 17:34:57.865000', NULL, NULL, NULL),
(73, 'ex8ijchy01gzvb5qpp74lgq0', 'plugin::content-manager.explorer.publish', '{}', 'api::teacher.teacher', '{}', '[]', '2025-12-02 17:34:57.880000', '2025-12-02 17:34:57.880000', '2025-12-02 17:34:57.880000', NULL, NULL, NULL),
(74, 'lkwjw4bo0q02wvnz9504q0ke', 'plugin::content-manager.single-types.configure-view', '{}', NULL, '{}', '[]', '2025-12-02 17:34:57.890000', '2025-12-02 17:34:57.890000', '2025-12-02 17:34:57.890000', NULL, NULL, NULL),
(75, 'c82z5glsua03cljylo4j5wwo', 'plugin::content-manager.collection-types.configure-view', '{}', NULL, '{}', '[]', '2025-12-02 17:34:57.901000', '2025-12-02 17:34:57.901000', '2025-12-02 17:34:57.901000', NULL, NULL, NULL),
(76, 'u1ky3qd462lwn1kpwslp5ou2', 'plugin::content-manager.components.configure-layout', '{}', NULL, '{}', '[]', '2025-12-02 17:34:57.912000', '2025-12-02 17:34:57.912000', '2025-12-02 17:34:57.912000', NULL, NULL, NULL),
(77, 'kgyoew7746pwbk2sljy24g5b', 'plugin::content-type-builder.read', '{}', NULL, '{}', '[]', '2025-12-02 17:34:57.922000', '2025-12-02 17:34:57.922000', '2025-12-02 17:34:57.922000', NULL, NULL, NULL),
(78, 'ev17z7ff67ovhx0czwlh0xz4', 'plugin::email.settings.read', '{}', NULL, '{}', '[]', '2025-12-02 17:34:57.931000', '2025-12-02 17:34:57.931000', '2025-12-02 17:34:57.931000', NULL, NULL, NULL),
(79, 'rye6em7kx9mfeq1rbnzt22eh', 'plugin::upload.read', '{}', NULL, '{}', '[]', '2025-12-02 17:34:57.939000', '2025-12-02 17:34:57.939000', '2025-12-02 17:34:57.939000', NULL, NULL, NULL),
(80, 'utq9gzmg5f1wrsl0fw8aup2l', 'plugin::upload.assets.create', '{}', NULL, '{}', '[]', '2025-12-02 17:34:57.948000', '2025-12-02 17:34:57.948000', '2025-12-02 17:34:57.948000', NULL, NULL, NULL),
(81, 'oavto5zgc0eigs1fkiu2680q', 'plugin::upload.assets.update', '{}', NULL, '{}', '[]', '2025-12-02 17:34:57.956000', '2025-12-02 17:34:57.956000', '2025-12-02 17:34:57.956000', NULL, NULL, NULL),
(82, 'ausjen4e1p0ht1nqssw005nk', 'plugin::upload.assets.download', '{}', NULL, '{}', '[]', '2025-12-02 17:34:57.963000', '2025-12-02 17:34:57.963000', '2025-12-02 17:34:57.963000', NULL, NULL, NULL),
(83, 'ygsa48xspchgnnj4qyx96fh5', 'plugin::upload.assets.copy-link', '{}', NULL, '{}', '[]', '2025-12-02 17:34:57.972000', '2025-12-02 17:34:57.972000', '2025-12-02 17:34:57.973000', NULL, NULL, NULL),
(84, 'r3y1j2vh4jhh8wwhz3o5wxc6', 'plugin::upload.configure-view', '{}', NULL, '{}', '[]', '2025-12-02 17:34:57.981000', '2025-12-02 17:34:57.981000', '2025-12-02 17:34:57.981000', NULL, NULL, NULL),
(85, 'mtdosoab7coa1rukkd1zchiq', 'plugin::upload.settings.read', '{}', NULL, '{}', '[]', '2025-12-02 17:34:57.989000', '2025-12-02 17:34:57.989000', '2025-12-02 17:34:57.989000', NULL, NULL, NULL),
(86, 'o3mk156b2gl3uxsbtiovls6e', 'plugin::i18n.locale.create', '{}', NULL, '{}', '[]', '2025-12-02 17:34:57.998000', '2025-12-02 17:34:57.998000', '2025-12-02 17:34:57.998000', NULL, NULL, NULL),
(87, 'vu3jzq74sf71zcic46bfwmdb', 'plugin::i18n.locale.read', '{}', NULL, '{}', '[]', '2025-12-02 17:34:58.009000', '2025-12-02 17:34:58.009000', '2025-12-02 17:34:58.010000', NULL, NULL, NULL),
(88, 'um6ilzs83tfn33ljjn9buxr5', 'plugin::i18n.locale.update', '{}', NULL, '{}', '[]', '2025-12-02 17:34:58.019000', '2025-12-02 17:34:58.019000', '2025-12-02 17:34:58.019000', NULL, NULL, NULL),
(89, 'y3zv8ycfy6tjo6c3hrozoisy', 'plugin::i18n.locale.delete', '{}', NULL, '{}', '[]', '2025-12-02 17:34:58.032000', '2025-12-02 17:34:58.032000', '2025-12-02 17:34:58.032000', NULL, NULL, NULL),
(90, 'maq7zjy3sq1ky4eqal0p1rn9', 'plugin::users-permissions.roles.create', '{}', NULL, '{}', '[]', '2025-12-02 17:34:58.039000', '2025-12-02 17:34:58.039000', '2025-12-02 17:34:58.039000', NULL, NULL, NULL),
(91, 'wkfe0vt6cu2nd6iti4nxq634', 'plugin::users-permissions.roles.read', '{}', NULL, '{}', '[]', '2025-12-02 17:34:58.047000', '2025-12-02 17:34:58.047000', '2025-12-02 17:34:58.047000', NULL, NULL, NULL),
(92, 'e1zuo05qslgqk9hvqtx7fzve', 'plugin::users-permissions.roles.update', '{}', NULL, '{}', '[]', '2025-12-02 17:34:58.055000', '2025-12-02 17:34:58.055000', '2025-12-02 17:34:58.055000', NULL, NULL, NULL),
(93, 'chaygfvbthpm6r7wvmg0w1uf', 'plugin::users-permissions.roles.delete', '{}', NULL, '{}', '[]', '2025-12-02 17:34:58.063000', '2025-12-02 17:34:58.063000', '2025-12-02 17:34:58.063000', NULL, NULL, NULL),
(94, 'd9y1n46hatfigldhtccrcsdq', 'plugin::users-permissions.providers.read', '{}', NULL, '{}', '[]', '2025-12-02 17:34:58.071000', '2025-12-02 17:34:58.071000', '2025-12-02 17:34:58.071000', NULL, NULL, NULL),
(95, 'mrdzc679c9q284j4lt528zd6', 'plugin::users-permissions.providers.update', '{}', NULL, '{}', '[]', '2025-12-02 17:34:58.079000', '2025-12-02 17:34:58.079000', '2025-12-02 17:34:58.079000', NULL, NULL, NULL),
(96, 'vb3wugdd41nhxvg40an99eri', 'plugin::users-permissions.email-templates.read', '{}', NULL, '{}', '[]', '2025-12-02 17:34:58.087000', '2025-12-02 17:34:58.087000', '2025-12-02 17:34:58.087000', NULL, NULL, NULL),
(97, 'qo5srz0jpbtn7jic1tk35ptc', 'plugin::users-permissions.email-templates.update', '{}', NULL, '{}', '[]', '2025-12-02 17:34:58.096000', '2025-12-02 17:34:58.096000', '2025-12-02 17:34:58.097000', NULL, NULL, NULL),
(98, 'rr928r9znusogoo6osxhuz8z', 'plugin::users-permissions.advanced-settings.read', '{}', NULL, '{}', '[]', '2025-12-02 17:34:58.107000', '2025-12-02 17:34:58.107000', '2025-12-02 17:34:58.107000', NULL, NULL, NULL),
(99, 'da43bty9i6jnb9gh50rri3eu', 'plugin::users-permissions.advanced-settings.update', '{}', NULL, '{}', '[]', '2025-12-02 17:34:58.115000', '2025-12-02 17:34:58.115000', '2025-12-02 17:34:58.116000', NULL, NULL, NULL),
(100, 'l40eig0tb7ecrsly6702036u', 'admin::marketplace.read', '{}', NULL, '{}', '[]', '2025-12-02 17:34:58.124000', '2025-12-02 17:34:58.124000', '2025-12-02 17:34:58.124000', NULL, NULL, NULL),
(101, 'o8cojz3pavcg7zul18ygflnm', 'admin::webhooks.create', '{}', NULL, '{}', '[]', '2025-12-02 17:34:58.131000', '2025-12-02 17:34:58.131000', '2025-12-02 17:34:58.131000', NULL, NULL, NULL),
(102, 'k4tpg16g5nsquz2vcg0m3xgq', 'admin::webhooks.read', '{}', NULL, '{}', '[]', '2025-12-02 17:34:58.138000', '2025-12-02 17:34:58.138000', '2025-12-02 17:34:58.138000', NULL, NULL, NULL),
(103, 'sjj01sex3k75rk471u8d5xmx', 'admin::webhooks.update', '{}', NULL, '{}', '[]', '2025-12-02 17:34:58.146000', '2025-12-02 17:34:58.146000', '2025-12-02 17:34:58.146000', NULL, NULL, NULL),
(104, 'vcnnv6od1pn8pmryoolpkgbi', 'admin::webhooks.delete', '{}', NULL, '{}', '[]', '2025-12-02 17:34:58.156000', '2025-12-02 17:34:58.156000', '2025-12-02 17:34:58.156000', NULL, NULL, NULL),
(105, 'zw5ygi317tfl1c9afgla7ig8', 'admin::users.create', '{}', NULL, '{}', '[]', '2025-12-02 17:34:58.167000', '2025-12-02 17:34:58.167000', '2025-12-02 17:34:58.167000', NULL, NULL, NULL),
(106, 'c6evo470g1x6juugy306qs2s', 'admin::users.read', '{}', NULL, '{}', '[]', '2025-12-02 17:34:58.179000', '2025-12-02 17:34:58.179000', '2025-12-02 17:34:58.179000', NULL, NULL, NULL),
(107, 'gum6ndh70ly5919czq4o385w', 'admin::users.update', '{}', NULL, '{}', '[]', '2025-12-02 17:34:58.190000', '2025-12-02 17:34:58.190000', '2025-12-02 17:34:58.190000', NULL, NULL, NULL),
(108, 'xdtz8tpkk11uhlpq11bxiu2h', 'admin::users.delete', '{}', NULL, '{}', '[]', '2025-12-02 17:34:58.201000', '2025-12-02 17:34:58.201000', '2025-12-02 17:34:58.201000', NULL, NULL, NULL),
(109, 'zpla13ae6dacn0p98z256pks', 'admin::roles.create', '{}', NULL, '{}', '[]', '2025-12-02 17:34:58.212000', '2025-12-02 17:34:58.212000', '2025-12-02 17:34:58.212000', NULL, NULL, NULL),
(110, 'tqwexu6tqjemq6xc82zns0e3', 'admin::roles.read', '{}', NULL, '{}', '[]', '2025-12-02 17:34:58.222000', '2025-12-02 17:34:58.222000', '2025-12-02 17:34:58.223000', NULL, NULL, NULL),
(111, 'ufq5qbvkdj89qjforpm1id7y', 'admin::roles.update', '{}', NULL, '{}', '[]', '2025-12-02 17:34:58.234000', '2025-12-02 17:34:58.234000', '2025-12-02 17:34:58.234000', NULL, NULL, NULL),
(112, 'hfo0hegezcsjpi8gqe36e7cs', 'admin::roles.delete', '{}', NULL, '{}', '[]', '2025-12-02 17:34:58.244000', '2025-12-02 17:34:58.244000', '2025-12-02 17:34:58.244000', NULL, NULL, NULL),
(113, 'xxhsvnbmmshw50hj2u4agkdu', 'admin::api-tokens.access', '{}', NULL, '{}', '[]', '2025-12-02 17:34:58.255000', '2025-12-02 17:34:58.255000', '2025-12-02 17:34:58.256000', NULL, NULL, NULL),
(114, 'mfu2lggksw58zx66ft44e3n6', 'admin::api-tokens.create', '{}', NULL, '{}', '[]', '2025-12-02 17:34:58.267000', '2025-12-02 17:34:58.267000', '2025-12-02 17:34:58.268000', NULL, NULL, NULL),
(115, 'yb9hd5zvm6xiiyfnwnd3h8xp', 'admin::api-tokens.read', '{}', NULL, '{}', '[]', '2025-12-02 17:34:58.278000', '2025-12-02 17:34:58.278000', '2025-12-02 17:34:58.278000', NULL, NULL, NULL),
(116, 'dvkkxd4wuzyzu73d942jfweb', 'admin::api-tokens.update', '{}', NULL, '{}', '[]', '2025-12-02 17:34:58.288000', '2025-12-02 17:34:58.288000', '2025-12-02 17:34:58.288000', NULL, NULL, NULL),
(117, 'q8ughceomz4n808ue04fk1k7', 'admin::api-tokens.regenerate', '{}', NULL, '{}', '[]', '2025-12-02 17:34:58.298000', '2025-12-02 17:34:58.298000', '2025-12-02 17:34:58.298000', NULL, NULL, NULL),
(118, 'bu4fsdd27zcanf97nkwaybce', 'admin::api-tokens.delete', '{}', NULL, '{}', '[]', '2025-12-02 17:34:58.308000', '2025-12-02 17:34:58.308000', '2025-12-02 17:34:58.308000', NULL, NULL, NULL),
(119, 'so5oagxqgu9swge1ex0iv2on', 'admin::project-settings.update', '{}', NULL, '{}', '[]', '2025-12-02 17:34:58.319000', '2025-12-02 17:34:58.319000', '2025-12-02 17:34:58.319000', NULL, NULL, NULL),
(120, 'y9azmiec6gezhzzi96ihkkgp', 'admin::project-settings.read', '{}', NULL, '{}', '[]', '2025-12-02 17:34:58.329000', '2025-12-02 17:34:58.329000', '2025-12-02 17:34:58.330000', NULL, NULL, NULL),
(121, 'ard3jhk8dj845qcvbh70ruzi', 'admin::transfer.tokens.access', '{}', NULL, '{}', '[]', '2025-12-02 17:34:58.341000', '2025-12-02 17:34:58.341000', '2025-12-02 17:34:58.341000', NULL, NULL, NULL),
(122, 'zxwi95kc6pt7n3rtubucakl9', 'admin::transfer.tokens.create', '{}', NULL, '{}', '[]', '2025-12-02 17:34:58.353000', '2025-12-02 17:34:58.353000', '2025-12-02 17:34:58.353000', NULL, NULL, NULL),
(123, 'uz7tw67wvxc7v29sa72vizoo', 'admin::transfer.tokens.read', '{}', NULL, '{}', '[]', '2025-12-02 17:34:58.365000', '2025-12-02 17:34:58.365000', '2025-12-02 17:34:58.365000', NULL, NULL, NULL),
(124, 't23qqycyxbra41rdb9lsxmaf', 'admin::transfer.tokens.update', '{}', NULL, '{}', '[]', '2025-12-02 17:34:58.373000', '2025-12-02 17:34:58.373000', '2025-12-02 17:34:58.373000', NULL, NULL, NULL),
(125, 'xeg4jt25lzcgk0sbc5us7u4p', 'admin::transfer.tokens.regenerate', '{}', NULL, '{}', '[]', '2025-12-02 17:34:58.382000', '2025-12-02 17:34:58.382000', '2025-12-02 17:34:58.382000', NULL, NULL, NULL),
(126, 'slagemhbz8sbumd1474pb2eq', 'admin::transfer.tokens.delete', '{}', NULL, '{}', '[]', '2025-12-02 17:34:58.392000', '2025-12-02 17:34:58.392000', '2025-12-02 17:34:58.392000', NULL, NULL, NULL);

-- --------------------------------------------------------

--
-- Struktur dari tabel `admin_permissions_role_lnk`
--

CREATE TABLE `admin_permissions_role_lnk` (
  `id` int(10) UNSIGNED NOT NULL,
  `permission_id` int(10) UNSIGNED DEFAULT NULL,
  `role_id` int(10) UNSIGNED DEFAULT NULL,
  `permission_ord` double UNSIGNED DEFAULT NULL
) ENGINE=InnoDB DEFAULT CHARSET=utf8mb4 COLLATE=utf8mb4_general_ci;

--
-- Dumping data untuk tabel `admin_permissions_role_lnk`
--

INSERT INTO `admin_permissions_role_lnk` (`id`, `permission_id`, `role_id`, `permission_ord`) VALUES
(1, 1, 2, 1),
(2, 2, 2, 2),
(3, 3, 2, 3),
(4, 4, 2, 4),
(5, 5, 2, 5),
(6, 6, 2, 6),
(7, 7, 2, 7),
(8, 8, 2, 8),
(9, 9, 2, 9),
(10, 10, 2, 10),
(11, 11, 2, 11),
(12, 12, 2, 12),
(13, 13, 2, 13),
(14, 14, 2, 14),
(15, 15, 2, 15),
(16, 16, 2, 16),
(17, 17, 2, 17),
(18, 18, 2, 18),
(19, 19, 2, 19),
(20, 20, 2, 20),
(21, 21, 2, 21),
(22, 22, 2, 22),
(23, 23, 2, 23),
(24, 24, 2, 24),
(25, 25, 2, 25),
(26, 26, 2, 26),
(27, 27, 3, 1),
(28, 28, 3, 2),
(29, 29, 3, 3),
(30, 30, 3, 4),
(31, 31, 3, 5),
(32, 32, 3, 6),
(33, 33, 3, 7),
(34, 34, 3, 8),
(35, 35, 3, 9),
(36, 36, 3, 10),
(37, 37, 3, 11),
(38, 38, 3, 12),
(39, 39, 3, 13),
(40, 40, 3, 14),
(41, 41, 3, 15),
(42, 42, 3, 16),
(43, 43, 3, 17),
(44, 44, 3, 18),
(45, 45, 3, 19),
(46, 46, 3, 20),
(47, 47, 3, 21),
(48, 48, 3, 22),
(49, 49, 1, 1),
(50, 50, 1, 2),
(51, 51, 1, 3),
(52, 52, 1, 4),
(53, 53, 1, 5),
(54, 54, 1, 6),
(55, 55, 1, 7),
(56, 56, 1, 8),
(57, 57, 1, 9),
(58, 58, 1, 10),
(59, 59, 1, 11),
(60, 60, 1, 12),
(61, 61, 1, 13),
(62, 62, 1, 14),
(63, 63, 1, 15),
(64, 64, 1, 16),
(65, 65, 1, 17),
(66, 66, 1, 18),
(67, 67, 1, 19),
(68, 68, 1, 20),
(69, 69, 1, 21),
(70, 70, 1, 22),
(71, 71, 1, 23),
(72, 72, 1, 24),
(73, 73, 1, 25),
(74, 74, 1, 26),
(75, 75, 1, 27),
(76, 76, 1, 28),
(77, 77, 1, 29),
(78, 78, 1, 30),
(79, 79, 1, 31),
(80, 80, 1, 32),
(81, 81, 1, 33),
(82, 82, 1, 34),
(83, 83, 1, 35),
(84, 84, 1, 36),
(85, 85, 1, 37),
(86, 86, 1, 38),
(87, 87, 1, 39),
(88, 88, 1, 40),
(89, 89, 1, 41),
(90, 90, 1, 42),
(91, 91, 1, 43),
(92, 92, 1, 44),
(93, 93, 1, 45),
(94, 94, 1, 46),
(95, 95, 1, 47),
(96, 96, 1, 48),
(97, 97, 1, 49),
(98, 98, 1, 50),
(99, 99, 1, 51),
(100, 100, 1, 52),
(101, 101, 1, 53),
(102, 102, 1, 54),
(103, 103, 1, 55),
(104, 104, 1, 56),
(105, 105, 1, 57),
(106, 106, 1, 58),
(107, 107, 1, 59),
(108, 108, 1, 60),
(109, 109, 1, 61),
(110, 110, 1, 62),
(111, 111, 1, 63),
(112, 112, 1, 64),
(113, 113, 1, 65),
(114, 114, 1, 66),
(115, 115, 1, 67),
(116, 116, 1, 68),
(117, 117, 1, 69),
(118, 118, 1, 70),
(119, 119, 1, 71),
(120, 120, 1, 72),
(121, 121, 1, 73),
(122, 122, 1, 74),
(123, 123, 1, 75),
(124, 124, 1, 76),
(125, 125, 1, 77),
(126, 126, 1, 78);

-- --------------------------------------------------------

--
-- Struktur dari tabel `admin_roles`
--

CREATE TABLE `admin_roles` (
  `id` int(10) UNSIGNED NOT NULL,
  `document_id` varchar(255) DEFAULT NULL,
  `name` varchar(255) DEFAULT NULL,
  `code` varchar(255) DEFAULT NULL,
  `description` varchar(255) DEFAULT NULL,
  `created_at` datetime(6) DEFAULT NULL,
  `updated_at` datetime(6) DEFAULT NULL,
  `published_at` datetime(6) DEFAULT NULL,
  `created_by_id` int(10) UNSIGNED DEFAULT NULL,
  `updated_by_id` int(10) UNSIGNED DEFAULT NULL,
  `locale` varchar(255) DEFAULT NULL
) ENGINE=InnoDB DEFAULT CHARSET=utf8mb4 COLLATE=utf8mb4_general_ci;

--
-- Dumping data untuk tabel `admin_roles`
--

INSERT INTO `admin_roles` (`id`, `document_id`, `name`, `code`, `description`, `created_at`, `updated_at`, `published_at`, `created_by_id`, `updated_by_id`, `locale`) VALUES
(1, 'r5gkbfxu9l98vc57l8ua0jes', 'Super Admin', 'strapi-super-admin', 'Super Admins can access and manage all features and settings.', '2025-12-02 17:34:56.980000', '2025-12-02 17:34:56.980000', '2025-12-02 17:34:56.980000', NULL, NULL, NULL),
(2, 'swjy61irplq95e6gl1iev6un', 'Editor', 'strapi-editor', 'Editors can manage and publish contents including those of other users.', '2025-12-02 17:34:56.989000', '2025-12-02 17:34:56.989000', '2025-12-02 17:34:56.989000', NULL, NULL, NULL),
(3, 'cvzk3tr55y2mg6rr283ykvjp', 'Author', 'strapi-author', 'Authors can manage the content they have created.', '2025-12-02 17:34:56.998000', '2025-12-02 17:34:56.998000', '2025-12-02 17:34:56.998000', NULL, NULL, NULL);

-- --------------------------------------------------------

--
-- Struktur dari tabel `admin_users`
--

CREATE TABLE `admin_users` (
  `id` int(10) UNSIGNED NOT NULL,
  `document_id` varchar(255) DEFAULT NULL,
  `firstname` varchar(255) DEFAULT NULL,
  `lastname` varchar(255) DEFAULT NULL,
  `username` varchar(255) DEFAULT NULL,
  `email` varchar(255) DEFAULT NULL,
  `password` varchar(255) DEFAULT NULL,
  `reset_password_token` varchar(255) DEFAULT NULL,
  `registration_token` varchar(255) DEFAULT NULL,
  `is_active` tinyint(1) DEFAULT NULL,
  `blocked` tinyint(1) DEFAULT NULL,
  `prefered_language` varchar(255) DEFAULT NULL,
  `created_at` datetime(6) DEFAULT NULL,
  `updated_at` datetime(6) DEFAULT NULL,
  `published_at` datetime(6) DEFAULT NULL,
  `created_by_id` int(10) UNSIGNED DEFAULT NULL,
  `updated_by_id` int(10) UNSIGNED DEFAULT NULL,
  `locale` varchar(255) DEFAULT NULL
) ENGINE=InnoDB DEFAULT CHARSET=utf8mb4 COLLATE=utf8mb4_general_ci;

--
-- Dumping data untuk tabel `admin_users`
--

INSERT INTO `admin_users` (`id`, `document_id`, `firstname`, `lastname`, `username`, `email`, `password`, `reset_password_token`, `registration_token`, `is_active`, `blocked`, `prefered_language`, `created_at`, `updated_at`, `published_at`, `created_by_id`, `updated_by_id`, `locale`) VALUES
(1, 'xt2s36pjc9anzmbqke36j9jf', 'farhan', 'abd', NULL, 'abdillahalfath7@gmail.com', '$2a$10$qSdyzivPzVV0vXcpSps//Oce6istymAt134oimbsZ.pu2mtyFWUUq', NULL, NULL, 1, 0, NULL, '2025-12-02 17:35:23.445000', '2025-12-02 17:35:23.445000', '2025-12-02 17:35:23.446000', NULL, NULL, NULL);

-- --------------------------------------------------------

--
-- Struktur dari tabel `admin_users_roles_lnk`
--

CREATE TABLE `admin_users_roles_lnk` (
  `id` int(10) UNSIGNED NOT NULL,
  `user_id` int(10) UNSIGNED DEFAULT NULL,
  `role_id` int(10) UNSIGNED DEFAULT NULL,
  `role_ord` double UNSIGNED DEFAULT NULL,
  `user_ord` double UNSIGNED DEFAULT NULL
) ENGINE=InnoDB DEFAULT CHARSET=utf8mb4 COLLATE=utf8mb4_general_ci;

--
-- Dumping data untuk tabel `admin_users_roles_lnk`
--

INSERT INTO `admin_users_roles_lnk` (`id`, `user_id`, `role_id`, `role_ord`, `user_ord`) VALUES
(1, 1, 1, 1, 1);

-- --------------------------------------------------------

--
-- Struktur dari tabel `files`
--

CREATE TABLE `files` (
  `id` int(10) UNSIGNED NOT NULL,
  `document_id` varchar(255) DEFAULT NULL,
  `name` varchar(255) DEFAULT NULL,
  `alternative_text` varchar(255) DEFAULT NULL,
  `caption` varchar(255) DEFAULT NULL,
  `width` int(11) DEFAULT NULL,
  `height` int(11) DEFAULT NULL,
  `formats` longtext CHARACTER SET utf8mb4 COLLATE utf8mb4_bin DEFAULT NULL CHECK (json_valid(`formats`)),
  `hash` varchar(255) DEFAULT NULL,
  `ext` varchar(255) DEFAULT NULL,
  `mime` varchar(255) DEFAULT NULL,
  `size` decimal(10,2) DEFAULT NULL,
  `url` varchar(255) DEFAULT NULL,
  `preview_url` varchar(255) DEFAULT NULL,
  `provider` varchar(255) DEFAULT NULL,
  `provider_metadata` longtext CHARACTER SET utf8mb4 COLLATE utf8mb4_bin DEFAULT NULL CHECK (json_valid(`provider_metadata`)),
  `folder_path` varchar(255) DEFAULT NULL,
  `created_at` datetime(6) DEFAULT NULL,
  `updated_at` datetime(6) DEFAULT NULL,
  `published_at` datetime(6) DEFAULT NULL,
  `created_by_id` int(10) UNSIGNED DEFAULT NULL,
  `updated_by_id` int(10) UNSIGNED DEFAULT NULL,
  `locale` varchar(255) DEFAULT NULL
) ENGINE=InnoDB DEFAULT CHARSET=utf8mb4 COLLATE=utf8mb4_general_ci;

-- --------------------------------------------------------

--
-- Struktur dari tabel `files_folder_lnk`
--

CREATE TABLE `files_folder_lnk` (
  `id` int(10) UNSIGNED NOT NULL,
  `file_id` int(10) UNSIGNED DEFAULT NULL,
  `folder_id` int(10) UNSIGNED DEFAULT NULL,
  `file_ord` double UNSIGNED DEFAULT NULL
) ENGINE=InnoDB DEFAULT CHARSET=utf8mb4 COLLATE=utf8mb4_general_ci;

-- --------------------------------------------------------

--
-- Struktur dari tabel `files_related_mph`
--

CREATE TABLE `files_related_mph` (
  `id` int(10) UNSIGNED NOT NULL,
  `file_id` int(10) UNSIGNED DEFAULT NULL,
  `related_id` int(10) UNSIGNED DEFAULT NULL,
  `related_type` varchar(255) DEFAULT NULL,
  `field` varchar(255) DEFAULT NULL,
  `order` double UNSIGNED DEFAULT NULL
) ENGINE=InnoDB DEFAULT CHARSET=utf8mb4 COLLATE=utf8mb4_general_ci;

-- --------------------------------------------------------

--
-- Struktur dari tabel `i18n_locale`
--

CREATE TABLE `i18n_locale` (
  `id` int(10) UNSIGNED NOT NULL,
  `document_id` varchar(255) DEFAULT NULL,
  `name` varchar(255) DEFAULT NULL,
  `code` varchar(255) DEFAULT NULL,
  `created_at` datetime(6) DEFAULT NULL,
  `updated_at` datetime(6) DEFAULT NULL,
  `published_at` datetime(6) DEFAULT NULL,
  `created_by_id` int(10) UNSIGNED DEFAULT NULL,
  `updated_by_id` int(10) UNSIGNED DEFAULT NULL,
  `locale` varchar(255) DEFAULT NULL
) ENGINE=InnoDB DEFAULT CHARSET=utf8mb4 COLLATE=utf8mb4_general_ci;

--
-- Dumping data untuk tabel `i18n_locale`
--

INSERT INTO `i18n_locale` (`id`, `document_id`, `name`, `code`, `created_at`, `updated_at`, `published_at`, `created_by_id`, `updated_by_id`, `locale`) VALUES
(1, 'pum3zj7x910ogbar20jd0fw9', 'English (en)', 'en', '2025-12-02 17:34:56.857000', '2025-12-02 17:34:56.857000', '2025-12-02 17:34:56.858000', NULL, NULL, NULL);

-- --------------------------------------------------------

--
-- Struktur dari tabel `lessons`
--

CREATE TABLE `lessons` (
  `id` int(10) UNSIGNED NOT NULL,
  `document_id` varchar(255) DEFAULT NULL,
  `lesson_name` varchar(255) DEFAULT NULL,
  `created_at` datetime(6) DEFAULT NULL,
  `updated_at` datetime(6) DEFAULT NULL,
  `published_at` datetime(6) DEFAULT NULL,
  `created_by_id` int(10) UNSIGNED DEFAULT NULL,
  `updated_by_id` int(10) UNSIGNED DEFAULT NULL,
  `locale` varchar(255) DEFAULT NULL
) ENGINE=InnoDB DEFAULT CHARSET=utf8mb4 COLLATE=utf8mb4_general_ci;

--
-- Dumping data untuk tabel `lessons`
--

INSERT INTO `lessons` (`id`, `document_id`, `lesson_name`, `created_at`, `updated_at`, `published_at`, `created_by_id`, `updated_by_id`, `locale`) VALUES
(1, 'uwna4muej5nl072g2a7sot4d', 'math', '2025-12-02 17:45:29.014000', '2025-12-02 17:45:29.014000', '2025-12-02 17:45:29.007000', NULL, NULL, NULL),
(2, 'm909jhfhrvf08pqajmpcbu42', 'IPA', '2025-12-03 08:13:56.968000', '2025-12-03 08:13:56.968000', '2025-12-03 08:13:56.962000', NULL, NULL, NULL),
(3, 'c2bvdktfjxcqg7s4anttv436', 'bahasa inggris', '2025-12-03 08:14:07.993000', '2025-12-03 08:14:07.993000', '2025-12-03 08:14:07.990000', NULL, NULL, NULL),
(4, 'p5thay8o5vk3s5sxxjtoda28', 'Hafalan Al-Quran', '2025-12-03 11:34:06.528000', '2025-12-03 11:34:21.974000', '2025-12-03 11:34:21.969000', NULL, NULL, NULL);

-- --------------------------------------------------------

--
-- Struktur dari tabel `lessons_student_lessons_lnk`
--

CREATE TABLE `lessons_student_lessons_lnk` (
  `id` int(10) UNSIGNED NOT NULL,
  `lesson_id` int(10) UNSIGNED DEFAULT NULL,
  `student_lesson_id` int(10) UNSIGNED DEFAULT NULL,
  `student_lesson_ord` double UNSIGNED DEFAULT NULL,
  `lesson_ord` double UNSIGNED DEFAULT NULL
) ENGINE=InnoDB DEFAULT CHARSET=utf8mb4 COLLATE=utf8mb4_general_ci;

--
-- Dumping data untuk tabel `lessons_student_lessons_lnk`
--

INSERT INTO `lessons_student_lessons_lnk` (`id`, `lesson_id`, `student_lesson_id`, `student_lesson_ord`, `lesson_ord`) VALUES
(3, 1, 3, 1, 1),
(4, 1, 4, 2, 1),
(5, 3, 5, 1, 1),
(7, 2, 7, 1, 1),
(8, 3, 8, 2, 1),
(9, 2, 9, 2, 0),
(10, 1, 9, 3, 1),
(11, 3, 9, 3, 2),
(12, 3, 10, 4, 1),
(13, 1, 11, 4, 1);

-- --------------------------------------------------------

--
-- Struktur dari tabel `lessons_teacher_lnk`
--

CREATE TABLE `lessons_teacher_lnk` (
  `id` int(10) UNSIGNED NOT NULL,
  `lesson_id` int(10) UNSIGNED DEFAULT NULL,
  `teacher_id` int(10) UNSIGNED DEFAULT NULL,
  `lesson_ord` double UNSIGNED DEFAULT NULL
) ENGINE=InnoDB DEFAULT CHARSET=utf8mb4 COLLATE=utf8mb4_general_ci;

--
-- Dumping data untuk tabel `lessons_teacher_lnk`
--

INSERT INTO `lessons_teacher_lnk` (`id`, `lesson_id`, `teacher_id`, `lesson_ord`) VALUES
(1, 1, 1, 1),
(2, 2, 2, 1),
(3, 3, 2, 2),
(4, 4, 1, 2);

-- --------------------------------------------------------

--
-- Struktur dari tabel `strapi_api_tokens`
--

CREATE TABLE `strapi_api_tokens` (
  `id` int(10) UNSIGNED NOT NULL,
  `document_id` varchar(255) DEFAULT NULL,
  `name` varchar(255) DEFAULT NULL,
  `description` varchar(255) DEFAULT NULL,
  `type` varchar(255) DEFAULT NULL,
  `access_key` varchar(255) DEFAULT NULL,
  `encrypted_key` longtext DEFAULT NULL,
  `last_used_at` datetime(6) DEFAULT NULL,
  `expires_at` datetime(6) DEFAULT NULL,
  `lifespan` bigint(20) DEFAULT NULL,
  `created_at` datetime(6) DEFAULT NULL,
  `updated_at` datetime(6) DEFAULT NULL,
  `published_at` datetime(6) DEFAULT NULL,
  `created_by_id` int(10) UNSIGNED DEFAULT NULL,
  `updated_by_id` int(10) UNSIGNED DEFAULT NULL,
  `locale` varchar(255) DEFAULT NULL
) ENGINE=InnoDB DEFAULT CHARSET=utf8mb4 COLLATE=utf8mb4_general_ci;

--
-- Dumping data untuk tabel `strapi_api_tokens`
--

INSERT INTO `strapi_api_tokens` (`id`, `document_id`, `name`, `description`, `type`, `access_key`, `encrypted_key`, `last_used_at`, `expires_at`, `lifespan`, `created_at`, `updated_at`, `published_at`, `created_by_id`, `updated_by_id`, `locale`) VALUES
(1, 'roc19chw3p2lj6n92gqsjq4e', 'Read Only', 'A default API token with read-only permissions, only used for accessing resources', 'read-only', 'b10c0fd9240fabe52e3b5c4655048bf5a32ca5e9a1ac427021d788be0db6d327c2a4edb45de3915a3c4891503e8ddd921b30ebe5007f15ea43f1f5426ea9fa01', NULL, NULL, NULL, NULL, '2025-12-02 17:34:58.466000', '2025-12-02 17:38:57.593000', '2025-12-02 17:34:58.467000', NULL, NULL, NULL),
(2, 'wkz2hrz4ykowfbawxp0bkte8', 'Full Access', 'A default API token with full access permissions, used for accessing or modifying resources', 'full-access', '76d0e2fbc382923340aca478505f46c035d54a354eb870d80b1b5c3920f1563f3e9a1983483aaf092751803303c39403bec315b0c58c935b676dbc78f953fa59', NULL, NULL, NULL, NULL, '2025-12-02 17:34:58.474000', '2025-12-02 17:34:58.474000', '2025-12-02 17:34:58.475000', NULL, NULL, NULL);

-- --------------------------------------------------------

--
-- Struktur dari tabel `strapi_api_token_permissions`
--

CREATE TABLE `strapi_api_token_permissions` (
  `id` int(10) UNSIGNED NOT NULL,
  `document_id` varchar(255) DEFAULT NULL,
  `action` varchar(255) DEFAULT NULL,
  `created_at` datetime(6) DEFAULT NULL,
  `updated_at` datetime(6) DEFAULT NULL,
  `published_at` datetime(6) DEFAULT NULL,
  `created_by_id` int(10) UNSIGNED DEFAULT NULL,
  `updated_by_id` int(10) UNSIGNED DEFAULT NULL,
  `locale` varchar(255) DEFAULT NULL
) ENGINE=InnoDB DEFAULT CHARSET=utf8mb4 COLLATE=utf8mb4_general_ci;

-- --------------------------------------------------------

--
-- Struktur dari tabel `strapi_api_token_permissions_token_lnk`
--

CREATE TABLE `strapi_api_token_permissions_token_lnk` (
  `id` int(10) UNSIGNED NOT NULL,
  `api_token_permission_id` int(10) UNSIGNED DEFAULT NULL,
  `api_token_id` int(10) UNSIGNED DEFAULT NULL,
  `api_token_permission_ord` double UNSIGNED DEFAULT NULL
) ENGINE=InnoDB DEFAULT CHARSET=utf8mb4 COLLATE=utf8mb4_general_ci;

-- --------------------------------------------------------

--
-- Struktur dari tabel `strapi_core_store_settings`
--

CREATE TABLE `strapi_core_store_settings` (
  `id` int(10) UNSIGNED NOT NULL,
  `key` varchar(255) DEFAULT NULL,
  `value` longtext DEFAULT NULL,
  `type` varchar(255) DEFAULT NULL,
  `environment` varchar(255) DEFAULT NULL,
  `tag` varchar(255) DEFAULT NULL
) ENGINE=InnoDB DEFAULT CHARSET=utf8mb4 COLLATE=utf8mb4_general_ci;

--
-- Dumping data untuk tabel `strapi_core_store_settings`
--

INSERT INTO `strapi_core_store_settings` (`id`, `key`, `value`, `type`, `environment`, `tag`) VALUES
(1, 'strapi_content_types_schema', '{\"plugin::upload.file\":{\"collectionName\":\"files\",\"info\":{\"singularName\":\"file\",\"pluralName\":\"files\",\"displayName\":\"File\",\"description\":\"\"},\"options\":{\"draftAndPublish\":false},\"pluginOptions\":{\"content-manager\":{\"visible\":false},\"content-type-builder\":{\"visible\":false}},\"attributes\":{\"name\":{\"type\":\"string\",\"configurable\":false,\"required\":true},\"alternativeText\":{\"type\":\"string\",\"configurable\":false},\"caption\":{\"type\":\"string\",\"configurable\":false},\"width\":{\"type\":\"integer\",\"configurable\":false},\"height\":{\"type\":\"integer\",\"configurable\":false},\"formats\":{\"type\":\"json\",\"configurable\":false},\"hash\":{\"type\":\"string\",\"configurable\":false,\"required\":true},\"ext\":{\"type\":\"string\",\"configurable\":false},\"mime\":{\"type\":\"string\",\"configurable\":false,\"required\":true},\"size\":{\"type\":\"decimal\",\"configurable\":false,\"required\":true},\"url\":{\"type\":\"string\",\"configurable\":false,\"required\":true},\"previewUrl\":{\"type\":\"string\",\"configurable\":false},\"provider\":{\"type\":\"string\",\"configurable\":false,\"required\":true},\"provider_metadata\":{\"type\":\"json\",\"configurable\":false},\"related\":{\"type\":\"relation\",\"relation\":\"morphToMany\",\"configurable\":false},\"folder\":{\"type\":\"relation\",\"relation\":\"manyToOne\",\"target\":\"plugin::upload.folder\",\"inversedBy\":\"files\",\"private\":true},\"folderPath\":{\"type\":\"string\",\"minLength\":1,\"required\":true,\"private\":true,\"searchable\":false},\"createdAt\":{\"type\":\"datetime\"},\"updatedAt\":{\"type\":\"datetime\"},\"publishedAt\":{\"type\":\"datetime\",\"configurable\":false,\"writable\":true,\"visible\":false},\"createdBy\":{\"type\":\"relation\",\"relation\":\"oneToOne\",\"target\":\"admin::user\",\"configurable\":false,\"writable\":false,\"visible\":false,\"useJoinTable\":false,\"private\":true},\"updatedBy\":{\"type\":\"relation\",\"relation\":\"oneToOne\",\"target\":\"admin::user\",\"configurable\":false,\"writable\":false,\"visible\":false,\"useJoinTable\":false,\"private\":true},\"locale\":{\"writable\":true,\"private\":true,\"configurable\":false,\"visible\":false,\"type\":\"string\"},\"localizations\":{\"type\":\"relation\",\"relation\":\"oneToMany\",\"target\":\"plugin::upload.file\",\"writable\":false,\"private\":true,\"configurable\":false,\"visible\":false,\"unstable_virtual\":true,\"joinColumn\":{\"name\":\"document_id\",\"referencedColumn\":\"document_id\",\"referencedTable\":\"files\"}}},\"indexes\":[{\"name\":\"upload_files_folder_path_index\",\"columns\":[\"folder_path\"],\"type\":null},{\"name\":\"upload_files_created_at_index\",\"columns\":[\"created_at\"],\"type\":null},{\"name\":\"upload_files_updated_at_index\",\"columns\":[\"updated_at\"],\"type\":null},{\"name\":\"upload_files_name_index\",\"columns\":[\"name\"],\"type\":null},{\"name\":\"upload_files_size_index\",\"columns\":[\"size\"],\"type\":null},{\"name\":\"upload_files_ext_index\",\"columns\":[\"ext\"],\"type\":null}],\"plugin\":\"upload\",\"globalId\":\"UploadFile\",\"uid\":\"plugin::upload.file\",\"modelType\":\"contentType\",\"kind\":\"collectionType\",\"__schema__\":{\"collectionName\":\"files\",\"info\":{\"singularName\":\"file\",\"pluralName\":\"files\",\"displayName\":\"File\",\"description\":\"\"},\"options\":{},\"pluginOptions\":{\"content-manager\":{\"visible\":false},\"content-type-builder\":{\"visible\":false}},\"attributes\":{\"name\":{\"type\":\"string\",\"configurable\":false,\"required\":true},\"alternativeText\":{\"type\":\"string\",\"configurable\":false},\"caption\":{\"type\":\"string\",\"configurable\":false},\"width\":{\"type\":\"integer\",\"configurable\":false},\"height\":{\"type\":\"integer\",\"configurable\":false},\"formats\":{\"type\":\"json\",\"configurable\":false},\"hash\":{\"type\":\"string\",\"configurable\":false,\"required\":true},\"ext\":{\"type\":\"string\",\"configurable\":false},\"mime\":{\"type\":\"string\",\"configurable\":false,\"required\":true},\"size\":{\"type\":\"decimal\",\"configurable\":false,\"required\":true},\"url\":{\"type\":\"string\",\"configurable\":false,\"required\":true},\"previewUrl\":{\"type\":\"string\",\"configurable\":false},\"provider\":{\"type\":\"string\",\"configurable\":false,\"required\":true},\"provider_metadata\":{\"type\":\"json\",\"configurable\":false},\"related\":{\"type\":\"relation\",\"relation\":\"morphToMany\",\"configurable\":false},\"folder\":{\"type\":\"relation\",\"relation\":\"manyToOne\",\"target\":\"plugin::upload.folder\",\"inversedBy\":\"files\",\"private\":true},\"folderPath\":{\"type\":\"string\",\"minLength\":1,\"required\":true,\"private\":true,\"searchable\":false}},\"kind\":\"collectionType\"},\"modelName\":\"file\"},\"plugin::upload.folder\":{\"collectionName\":\"upload_folders\",\"info\":{\"singularName\":\"folder\",\"pluralName\":\"folders\",\"displayName\":\"Folder\"},\"options\":{\"draftAndPublish\":false},\"pluginOptions\":{\"content-manager\":{\"visible\":false},\"content-type-builder\":{\"visible\":false}},\"attributes\":{\"name\":{\"type\":\"string\",\"minLength\":1,\"required\":true},\"pathId\":{\"type\":\"integer\",\"unique\":true,\"required\":true},\"parent\":{\"type\":\"relation\",\"relation\":\"manyToOne\",\"target\":\"plugin::upload.folder\",\"inversedBy\":\"children\"},\"children\":{\"type\":\"relation\",\"relation\":\"oneToMany\",\"target\":\"plugin::upload.folder\",\"mappedBy\":\"parent\"},\"files\":{\"type\":\"relation\",\"relation\":\"oneToMany\",\"target\":\"plugin::upload.file\",\"mappedBy\":\"folder\"},\"path\":{\"type\":\"string\",\"minLength\":1,\"required\":true},\"createdAt\":{\"type\":\"datetime\"},\"updatedAt\":{\"type\":\"datetime\"},\"publishedAt\":{\"type\":\"datetime\",\"configurable\":false,\"writable\":true,\"visible\":false},\"createdBy\":{\"type\":\"relation\",\"relation\":\"oneToOne\",\"target\":\"admin::user\",\"configurable\":false,\"writable\":false,\"visible\":false,\"useJoinTable\":false,\"private\":true},\"updatedBy\":{\"type\":\"relation\",\"relation\":\"oneToOne\",\"target\":\"admin::user\",\"configurable\":false,\"writable\":false,\"visible\":false,\"useJoinTable\":false,\"private\":true},\"locale\":{\"writable\":true,\"private\":true,\"configurable\":false,\"visible\":false,\"type\":\"string\"},\"localizations\":{\"type\":\"relation\",\"relation\":\"oneToMany\",\"target\":\"plugin::upload.folder\",\"writable\":false,\"private\":true,\"configurable\":false,\"visible\":false,\"unstable_virtual\":true,\"joinColumn\":{\"name\":\"document_id\",\"referencedColumn\":\"document_id\",\"referencedTable\":\"upload_folders\"}}},\"indexes\":[{\"name\":\"upload_folders_path_id_index\",\"columns\":[\"path_id\"],\"type\":\"unique\"},{\"name\":\"upload_folders_path_index\",\"columns\":[\"path\"],\"type\":\"unique\"}],\"plugin\":\"upload\",\"globalId\":\"UploadFolder\",\"uid\":\"plugin::upload.folder\",\"modelType\":\"contentType\",\"kind\":\"collectionType\",\"__schema__\":{\"collectionName\":\"upload_folders\",\"info\":{\"singularName\":\"folder\",\"pluralName\":\"folders\",\"displayName\":\"Folder\"},\"options\":{},\"pluginOptions\":{\"content-manager\":{\"visible\":false},\"content-type-builder\":{\"visible\":false}},\"attributes\":{\"name\":{\"type\":\"string\",\"minLength\":1,\"required\":true},\"pathId\":{\"type\":\"integer\",\"unique\":true,\"required\":true},\"parent\":{\"type\":\"relation\",\"relation\":\"manyToOne\",\"target\":\"plugin::upload.folder\",\"inversedBy\":\"children\"},\"children\":{\"type\":\"relation\",\"relation\":\"oneToMany\",\"target\":\"plugin::upload.folder\",\"mappedBy\":\"parent\"},\"files\":{\"type\":\"relation\",\"relation\":\"oneToMany\",\"target\":\"plugin::upload.file\",\"mappedBy\":\"folder\"},\"path\":{\"type\":\"string\",\"minLength\":1,\"required\":true}},\"kind\":\"collectionType\"},\"modelName\":\"folder\"},\"plugin::i18n.locale\":{\"info\":{\"singularName\":\"locale\",\"pluralName\":\"locales\",\"collectionName\":\"locales\",\"displayName\":\"Locale\",\"description\":\"\"},\"options\":{\"draftAndPublish\":false},\"pluginOptions\":{\"content-manager\":{\"visible\":false},\"content-type-builder\":{\"visible\":false}},\"attributes\":{\"name\":{\"type\":\"string\",\"min\":1,\"max\":50,\"configurable\":false},\"code\":{\"type\":\"string\",\"unique\":true,\"configurable\":false},\"createdAt\":{\"type\":\"datetime\"},\"updatedAt\":{\"type\":\"datetime\"},\"publishedAt\":{\"type\":\"datetime\",\"configurable\":false,\"writable\":true,\"visible\":false},\"createdBy\":{\"type\":\"relation\",\"relation\":\"oneToOne\",\"target\":\"admin::user\",\"configurable\":false,\"writable\":false,\"visible\":false,\"useJoinTable\":false,\"private\":true},\"updatedBy\":{\"type\":\"relation\",\"relation\":\"oneToOne\",\"target\":\"admin::user\",\"configurable\":false,\"writable\":false,\"visible\":false,\"useJoinTable\":false,\"private\":true},\"locale\":{\"writable\":true,\"private\":true,\"configurable\":false,\"visible\":false,\"type\":\"string\"},\"localizations\":{\"type\":\"relation\",\"relation\":\"oneToMany\",\"target\":\"plugin::i18n.locale\",\"writable\":false,\"private\":true,\"configurable\":false,\"visible\":false,\"unstable_virtual\":true,\"joinColumn\":{\"name\":\"document_id\",\"referencedColumn\":\"document_id\",\"referencedTable\":\"i18n_locale\"}}},\"plugin\":\"i18n\",\"collectionName\":\"i18n_locale\",\"globalId\":\"I18NLocale\",\"uid\":\"plugin::i18n.locale\",\"modelType\":\"contentType\",\"kind\":\"collectionType\",\"__schema__\":{\"collectionName\":\"i18n_locale\",\"info\":{\"singularName\":\"locale\",\"pluralName\":\"locales\",\"collectionName\":\"locales\",\"displayName\":\"Locale\",\"description\":\"\"},\"options\":{},\"pluginOptions\":{\"content-manager\":{\"visible\":false},\"content-type-builder\":{\"visible\":false}},\"attributes\":{\"name\":{\"type\":\"string\",\"min\":1,\"max\":50,\"configurable\":false},\"code\":{\"type\":\"string\",\"unique\":true,\"configurable\":false}},\"kind\":\"collectionType\"},\"modelName\":\"locale\"},\"plugin::content-releases.release\":{\"collectionName\":\"strapi_releases\",\"info\":{\"singularName\":\"release\",\"pluralName\":\"releases\",\"displayName\":\"Release\"},\"options\":{\"draftAndPublish\":false},\"pluginOptions\":{\"content-manager\":{\"visible\":false},\"content-type-builder\":{\"visible\":false}},\"attributes\":{\"name\":{\"type\":\"string\",\"required\":true},\"releasedAt\":{\"type\":\"datetime\"},\"scheduledAt\":{\"type\":\"datetime\"},\"timezone\":{\"type\":\"string\"},\"status\":{\"type\":\"enumeration\",\"enum\":[\"ready\",\"blocked\",\"failed\",\"done\",\"empty\"],\"required\":true},\"actions\":{\"type\":\"relation\",\"relation\":\"oneToMany\",\"target\":\"plugin::content-releases.release-action\",\"mappedBy\":\"release\"},\"createdAt\":{\"type\":\"datetime\"},\"updatedAt\":{\"type\":\"datetime\"},\"publishedAt\":{\"type\":\"datetime\",\"configurable\":false,\"writable\":true,\"visible\":false},\"createdBy\":{\"type\":\"relation\",\"relation\":\"oneToOne\",\"target\":\"admin::user\",\"configurable\":false,\"writable\":false,\"visible\":false,\"useJoinTable\":false,\"private\":true},\"updatedBy\":{\"type\":\"relation\",\"relation\":\"oneToOne\",\"target\":\"admin::user\",\"configurable\":false,\"writable\":false,\"visible\":false,\"useJoinTable\":false,\"private\":true},\"locale\":{\"writable\":true,\"private\":true,\"configurable\":false,\"visible\":false,\"type\":\"string\"},\"localizations\":{\"type\":\"relation\",\"relation\":\"oneToMany\",\"target\":\"plugin::content-releases.release\",\"writable\":false,\"private\":true,\"configurable\":false,\"visible\":false,\"unstable_virtual\":true,\"joinColumn\":{\"name\":\"document_id\",\"referencedColumn\":\"document_id\",\"referencedTable\":\"strapi_releases\"}}},\"plugin\":\"content-releases\",\"globalId\":\"ContentReleasesRelease\",\"uid\":\"plugin::content-releases.release\",\"modelType\":\"contentType\",\"kind\":\"collectionType\",\"__schema__\":{\"collectionName\":\"strapi_releases\",\"info\":{\"singularName\":\"release\",\"pluralName\":\"releases\",\"displayName\":\"Release\"},\"options\":{\"draftAndPublish\":false},\"pluginOptions\":{\"content-manager\":{\"visible\":false},\"content-type-builder\":{\"visible\":false}},\"attributes\":{\"name\":{\"type\":\"string\",\"required\":true},\"releasedAt\":{\"type\":\"datetime\"},\"scheduledAt\":{\"type\":\"datetime\"},\"timezone\":{\"type\":\"string\"},\"status\":{\"type\":\"enumeration\",\"enum\":[\"ready\",\"blocked\",\"failed\",\"done\",\"empty\"],\"required\":true},\"actions\":{\"type\":\"relation\",\"relation\":\"oneToMany\",\"target\":\"plugin::content-releases.release-action\",\"mappedBy\":\"release\"}},\"kind\":\"collectionType\"},\"modelName\":\"release\"},\"plugin::content-releases.release-action\":{\"collectionName\":\"strapi_release_actions\",\"info\":{\"singularName\":\"release-action\",\"pluralName\":\"release-actions\",\"displayName\":\"Release Action\"},\"options\":{\"draftAndPublish\":false},\"pluginOptions\":{\"content-manager\":{\"visible\":false},\"content-type-builder\":{\"visible\":false}},\"attributes\":{\"type\":{\"type\":\"enumeration\",\"enum\":[\"publish\",\"unpublish\"],\"required\":true},\"contentType\":{\"type\":\"string\",\"required\":true},\"entryDocumentId\":{\"type\":\"string\"},\"locale\":{\"writable\":true,\"private\":true,\"configurable\":false,\"visible\":false,\"type\":\"string\"},\"release\":{\"type\":\"relation\",\"relation\":\"manyToOne\",\"target\":\"plugin::content-releases.release\",\"inversedBy\":\"actions\"},\"isEntryValid\":{\"type\":\"boolean\"},\"createdAt\":{\"type\":\"datetime\"},\"updatedAt\":{\"type\":\"datetime\"},\"publishedAt\":{\"type\":\"datetime\",\"configurable\":false,\"writable\":true,\"visible\":false},\"createdBy\":{\"type\":\"relation\",\"relation\":\"oneToOne\",\"target\":\"admin::user\",\"configurable\":false,\"writable\":false,\"visible\":false,\"useJoinTable\":false,\"private\":true},\"updatedBy\":{\"type\":\"relation\",\"relation\":\"oneToOne\",\"target\":\"admin::user\",\"configurable\":false,\"writable\":false,\"visible\":false,\"useJoinTable\":false,\"private\":true},\"localizations\":{\"type\":\"relation\",\"relation\":\"oneToMany\",\"target\":\"plugin::content-releases.release-action\",\"writable\":false,\"private\":true,\"configurable\":false,\"visible\":false,\"unstable_virtual\":true,\"joinColumn\":{\"name\":\"document_id\",\"referencedColumn\":\"document_id\",\"referencedTable\":\"strapi_release_actions\"}}},\"plugin\":\"content-releases\",\"globalId\":\"ContentReleasesReleaseAction\",\"uid\":\"plugin::content-releases.release-action\",\"modelType\":\"contentType\",\"kind\":\"collectionType\",\"__schema__\":{\"collectionName\":\"strapi_release_actions\",\"info\":{\"singularName\":\"release-action\",\"pluralName\":\"release-actions\",\"displayName\":\"Release Action\"},\"options\":{\"draftAndPublish\":false},\"pluginOptions\":{\"content-manager\":{\"visible\":false},\"content-type-builder\":{\"visible\":false}},\"attributes\":{\"type\":{\"type\":\"enumeration\",\"enum\":[\"publish\",\"unpublish\"],\"required\":true},\"contentType\":{\"type\":\"string\",\"required\":true},\"entryDocumentId\":{\"type\":\"string\"},\"locale\":{\"type\":\"string\"},\"release\":{\"type\":\"relation\",\"relation\":\"manyToOne\",\"target\":\"plugin::content-releases.release\",\"inversedBy\":\"actions\"},\"isEntryValid\":{\"type\":\"boolean\"}},\"kind\":\"collectionType\"},\"modelName\":\"release-action\"},\"plugin::review-workflows.workflow\":{\"collectionName\":\"strapi_workflows\",\"info\":{\"name\":\"Workflow\",\"description\":\"\",\"singularName\":\"workflow\",\"pluralName\":\"workflows\",\"displayName\":\"Workflow\"},\"options\":{\"draftAndPublish\":false},\"pluginOptions\":{\"content-manager\":{\"visible\":false},\"content-type-builder\":{\"visible\":false}},\"attributes\":{\"name\":{\"type\":\"string\",\"required\":true,\"unique\":true},\"stages\":{\"type\":\"relation\",\"target\":\"plugin::review-workflows.workflow-stage\",\"relation\":\"oneToMany\",\"mappedBy\":\"workflow\"},\"stageRequiredToPublish\":{\"type\":\"relation\",\"target\":\"plugin::review-workflows.workflow-stage\",\"relation\":\"oneToOne\",\"required\":false},\"contentTypes\":{\"type\":\"json\",\"required\":true,\"default\":\"[]\"},\"createdAt\":{\"type\":\"datetime\"},\"updatedAt\":{\"type\":\"datetime\"},\"publishedAt\":{\"type\":\"datetime\",\"configurable\":false,\"writable\":true,\"visible\":false},\"createdBy\":{\"type\":\"relation\",\"relation\":\"oneToOne\",\"target\":\"admin::user\",\"configurable\":false,\"writable\":false,\"visible\":false,\"useJoinTable\":false,\"private\":true},\"updatedBy\":{\"type\":\"relation\",\"relation\":\"oneToOne\",\"target\":\"admin::user\",\"configurable\":false,\"writable\":false,\"visible\":false,\"useJoinTable\":false,\"private\":true},\"locale\":{\"writable\":true,\"private\":true,\"configurable\":false,\"visible\":false,\"type\":\"string\"},\"localizations\":{\"type\":\"relation\",\"relation\":\"oneToMany\",\"target\":\"plugin::review-workflows.workflow\",\"writable\":false,\"private\":true,\"configurable\":false,\"visible\":false,\"unstable_virtual\":true,\"joinColumn\":{\"name\":\"document_id\",\"referencedColumn\":\"document_id\",\"referencedTable\":\"strapi_workflows\"}}},\"plugin\":\"review-workflows\",\"globalId\":\"ReviewWorkflowsWorkflow\",\"uid\":\"plugin::review-workflows.workflow\",\"modelType\":\"contentType\",\"kind\":\"collectionType\",\"__schema__\":{\"collectionName\":\"strapi_workflows\",\"info\":{\"name\":\"Workflow\",\"description\":\"\",\"singularName\":\"workflow\",\"pluralName\":\"workflows\",\"displayName\":\"Workflow\"},\"options\":{},\"pluginOptions\":{\"content-manager\":{\"visible\":false},\"content-type-builder\":{\"visible\":false}},\"attributes\":{\"name\":{\"type\":\"string\",\"required\":true,\"unique\":true},\"stages\":{\"type\":\"relation\",\"target\":\"plugin::review-workflows.workflow-stage\",\"relation\":\"oneToMany\",\"mappedBy\":\"workflow\"},\"stageRequiredToPublish\":{\"type\":\"relation\",\"target\":\"plugin::review-workflows.workflow-stage\",\"relation\":\"oneToOne\",\"required\":false},\"contentTypes\":{\"type\":\"json\",\"required\":true,\"default\":\"[]\"}},\"kind\":\"collectionType\"},\"modelName\":\"workflow\"},\"plugin::review-workflows.workflow-stage\":{\"collectionName\":\"strapi_workflows_stages\",\"info\":{\"name\":\"Workflow Stage\",\"description\":\"\",\"singularName\":\"workflow-stage\",\"pluralName\":\"workflow-stages\",\"displayName\":\"Stages\"},\"options\":{\"version\":\"1.1.0\",\"draftAndPublish\":false},\"pluginOptions\":{\"content-manager\":{\"visible\":false},\"content-type-builder\":{\"visible\":false}},\"attributes\":{\"name\":{\"type\":\"string\",\"configurable\":false},\"color\":{\"type\":\"string\",\"configurable\":false,\"default\":\"#4945FF\"},\"workflow\":{\"type\":\"relation\",\"target\":\"plugin::review-workflows.workflow\",\"relation\":\"manyToOne\",\"inversedBy\":\"stages\",\"configurable\":false},\"permissions\":{\"type\":\"relation\",\"target\":\"admin::permission\",\"relation\":\"manyToMany\",\"configurable\":false},\"createdAt\":{\"type\":\"datetime\"},\"updatedAt\":{\"type\":\"datetime\"},\"publishedAt\":{\"type\":\"datetime\",\"configurable\":false,\"writable\":true,\"visible\":false},\"createdBy\":{\"type\":\"relation\",\"relation\":\"oneToOne\",\"target\":\"admin::user\",\"configurable\":false,\"writable\":false,\"visible\":false,\"useJoinTable\":false,\"private\":true},\"updatedBy\":{\"type\":\"relation\",\"relation\":\"oneToOne\",\"target\":\"admin::user\",\"configurable\":false,\"writable\":false,\"visible\":false,\"useJoinTable\":false,\"private\":true},\"locale\":{\"writable\":true,\"private\":true,\"configurable\":false,\"visible\":false,\"type\":\"string\"},\"localizations\":{\"type\":\"relation\",\"relation\":\"oneToMany\",\"target\":\"plugin::review-workflows.workflow-stage\",\"writable\":false,\"private\":true,\"configurable\":false,\"visible\":false,\"unstable_virtual\":true,\"joinColumn\":{\"name\":\"document_id\",\"referencedColumn\":\"document_id\",\"referencedTable\":\"strapi_workflows_stages\"}}},\"plugin\":\"review-workflows\",\"globalId\":\"ReviewWorkflowsWorkflowStage\",\"uid\":\"plugin::review-workflows.workflow-stage\",\"modelType\":\"contentType\",\"kind\":\"collectionType\",\"__schema__\":{\"collectionName\":\"strapi_workflows_stages\",\"info\":{\"name\":\"Workflow Stage\",\"description\":\"\",\"singularName\":\"workflow-stage\",\"pluralName\":\"workflow-stages\",\"displayName\":\"Stages\"},\"options\":{\"version\":\"1.1.0\"},\"pluginOptions\":{\"content-manager\":{\"visible\":false},\"content-type-builder\":{\"visible\":false}},\"attributes\":{\"name\":{\"type\":\"string\",\"configurable\":false},\"color\":{\"type\":\"string\",\"configurable\":false,\"default\":\"#4945FF\"},\"workflow\":{\"type\":\"relation\",\"target\":\"plugin::review-workflows.workflow\",\"relation\":\"manyToOne\",\"inversedBy\":\"stages\",\"configurable\":false},\"permissions\":{\"type\":\"relation\",\"target\":\"admin::permission\",\"relation\":\"manyToMany\",\"configurable\":false}},\"kind\":\"collectionType\"},\"modelName\":\"workflow-stage\"},\"plugin::users-permissions.permission\":{\"collectionName\":\"up_permissions\",\"info\":{\"name\":\"permission\",\"description\":\"\",\"singularName\":\"permission\",\"pluralName\":\"permissions\",\"displayName\":\"Permission\"},\"pluginOptions\":{\"content-manager\":{\"visible\":false},\"content-type-builder\":{\"visible\":false}},\"attributes\":{\"action\":{\"type\":\"string\",\"required\":true,\"configurable\":false},\"role\":{\"type\":\"relation\",\"relation\":\"manyToOne\",\"target\":\"plugin::users-permissions.role\",\"inversedBy\":\"permissions\",\"configurable\":false},\"createdAt\":{\"type\":\"datetime\"},\"updatedAt\":{\"type\":\"datetime\"},\"publishedAt\":{\"type\":\"datetime\",\"configurable\":false,\"writable\":true,\"visible\":false},\"createdBy\":{\"type\":\"relation\",\"relation\":\"oneToOne\",\"target\":\"admin::user\",\"configurable\":false,\"writable\":false,\"visible\":false,\"useJoinTable\":false,\"private\":true},\"updatedBy\":{\"type\":\"relation\",\"relation\":\"oneToOne\",\"target\":\"admin::user\",\"configurable\":false,\"writable\":false,\"visible\":false,\"useJoinTable\":false,\"private\":true},\"locale\":{\"writable\":true,\"private\":true,\"configurable\":false,\"visible\":false,\"type\":\"string\"},\"localizations\":{\"type\":\"relation\",\"relation\":\"oneToMany\",\"target\":\"plugin::users-permissions.permission\",\"writable\":false,\"private\":true,\"configurable\":false,\"visible\":false,\"unstable_virtual\":true,\"joinColumn\":{\"name\":\"document_id\",\"referencedColumn\":\"document_id\",\"referencedTable\":\"up_permissions\"}}},\"plugin\":\"users-permissions\",\"globalId\":\"UsersPermissionsPermission\",\"uid\":\"plugin::users-permissions.permission\",\"modelType\":\"contentType\",\"kind\":\"collectionType\",\"__schema__\":{\"collectionName\":\"up_permissions\",\"info\":{\"name\":\"permission\",\"description\":\"\",\"singularName\":\"permission\",\"pluralName\":\"permissions\",\"displayName\":\"Permission\"},\"pluginOptions\":{\"content-manager\":{\"visible\":false},\"content-type-builder\":{\"visible\":false}},\"attributes\":{\"action\":{\"type\":\"string\",\"required\":true,\"configurable\":false},\"role\":{\"type\":\"relation\",\"relation\":\"manyToOne\",\"target\":\"plugin::users-permissions.role\",\"inversedBy\":\"permissions\",\"configurable\":false}},\"kind\":\"collectionType\"},\"modelName\":\"permission\",\"options\":{\"draftAndPublish\":false}},\"plugin::users-permissions.role\":{\"collectionName\":\"up_roles\",\"info\":{\"name\":\"role\",\"description\":\"\",\"singularName\":\"role\",\"pluralName\":\"roles\",\"displayName\":\"Role\"},\"pluginOptions\":{\"content-manager\":{\"visible\":false},\"content-type-builder\":{\"visible\":false}},\"attributes\":{\"name\":{\"type\":\"string\",\"minLength\":3,\"required\":true,\"configurable\":false},\"description\":{\"type\":\"string\",\"configurable\":false},\"type\":{\"type\":\"string\",\"unique\":true,\"configurable\":false},\"permissions\":{\"type\":\"relation\",\"relation\":\"oneToMany\",\"target\":\"plugin::users-permissions.permission\",\"mappedBy\":\"role\",\"configurable\":false},\"users\":{\"type\":\"relation\",\"relation\":\"oneToMany\",\"target\":\"plugin::users-permissions.user\",\"mappedBy\":\"role\",\"configurable\":false},\"createdAt\":{\"type\":\"datetime\"},\"updatedAt\":{\"type\":\"datetime\"},\"publishedAt\":{\"type\":\"datetime\",\"configurable\":false,\"writable\":true,\"visible\":false},\"createdBy\":{\"type\":\"relation\",\"relation\":\"oneToOne\",\"target\":\"admin::user\",\"configurable\":false,\"writable\":false,\"visible\":false,\"useJoinTable\":false,\"private\":true},\"updatedBy\":{\"type\":\"relation\",\"relation\":\"oneToOne\",\"target\":\"admin::user\",\"configurable\":false,\"writable\":false,\"visible\":false,\"useJoinTable\":false,\"private\":true},\"locale\":{\"writable\":true,\"private\":true,\"configurable\":false,\"visible\":false,\"type\":\"string\"},\"localizations\":{\"type\":\"relation\",\"relation\":\"oneToMany\",\"target\":\"plugin::users-permissions.role\",\"writable\":false,\"private\":true,\"configurable\":false,\"visible\":false,\"unstable_virtual\":true,\"joinColumn\":{\"name\":\"document_id\",\"referencedColumn\":\"document_id\",\"referencedTable\":\"up_roles\"}}},\"plugin\":\"users-permissions\",\"globalId\":\"UsersPermissionsRole\",\"uid\":\"plugin::users-permissions.role\",\"modelType\":\"contentType\",\"kind\":\"collectionType\",\"__schema__\":{\"collectionName\":\"up_roles\",\"info\":{\"name\":\"role\",\"description\":\"\",\"singularName\":\"role\",\"pluralName\":\"roles\",\"displayName\":\"Role\"},\"pluginOptions\":{\"content-manager\":{\"visible\":false},\"content-type-builder\":{\"visible\":false}},\"attributes\":{\"name\":{\"type\":\"string\",\"minLength\":3,\"required\":true,\"configurable\":false},\"description\":{\"type\":\"string\",\"configurable\":false},\"type\":{\"type\":\"string\",\"unique\":true,\"configurable\":false},\"permissions\":{\"type\":\"relation\",\"relation\":\"oneToMany\",\"target\":\"plugin::users-permissions.permission\",\"mappedBy\":\"role\",\"configurable\":false},\"users\":{\"type\":\"relation\",\"relation\":\"oneToMany\",\"target\":\"plugin::users-permissions.user\",\"mappedBy\":\"role\",\"configurable\":false}},\"kind\":\"collectionType\"},\"modelName\":\"role\",\"options\":{\"draftAndPublish\":false}},\"plugin::users-permissions.user\":{\"collectionName\":\"up_users\",\"info\":{\"name\":\"user\",\"description\":\"\",\"singularName\":\"user\",\"pluralName\":\"users\",\"displayName\":\"User\"},\"options\":{\"timestamps\":true,\"draftAndPublish\":false},\"attributes\":{\"username\":{\"type\":\"string\",\"minLength\":3,\"unique\":true,\"configurable\":false,\"required\":true},\"email\":{\"type\":\"email\",\"minLength\":6,\"configurable\":false,\"required\":true},\"provider\":{\"type\":\"string\",\"configurable\":false},\"password\":{\"type\":\"password\",\"minLength\":6,\"configurable\":false,\"private\":true,\"searchable\":false},\"resetPasswordToken\":{\"type\":\"string\",\"configurable\":false,\"private\":true,\"searchable\":false},\"confirmationToken\":{\"type\":\"string\",\"configurable\":false,\"private\":true,\"searchable\":false},\"confirmed\":{\"type\":\"boolean\",\"default\":false,\"configurable\":false},\"blocked\":{\"type\":\"boolean\",\"default\":false,\"configurable\":false},\"role\":{\"type\":\"relation\",\"relation\":\"manyToOne\",\"target\":\"plugin::users-permissions.role\",\"inversedBy\":\"users\",\"configurable\":false},\"createdAt\":{\"type\":\"datetime\"},\"updatedAt\":{\"type\":\"datetime\"},\"publishedAt\":{\"type\":\"datetime\",\"configurable\":false,\"writable\":true,\"visible\":false},\"createdBy\":{\"type\":\"relation\",\"relation\":\"oneToOne\",\"target\":\"admin::user\",\"configurable\":false,\"writable\":false,\"visible\":false,\"useJoinTable\":false,\"private\":true},\"updatedBy\":{\"type\":\"relation\",\"relation\":\"oneToOne\",\"target\":\"admin::user\",\"configurable\":false,\"writable\":false,\"visible\":false,\"useJoinTable\":false,\"private\":true},\"locale\":{\"writable\":true,\"private\":true,\"configurable\":false,\"visible\":false,\"type\":\"string\"},\"localizations\":{\"type\":\"relation\",\"relation\":\"oneToMany\",\"target\":\"plugin::users-permissions.user\",\"writable\":false,\"private\":true,\"configurable\":false,\"visible\":false,\"unstable_virtual\":true,\"joinColumn\":{\"name\":\"document_id\",\"referencedColumn\":\"document_id\",\"referencedTable\":\"up_users\"}}},\"config\":{\"attributes\":{\"resetPasswordToken\":{\"hidden\":true},\"confirmationToken\":{\"hidden\":true},\"provider\":{\"hidden\":true}}},\"plugin\":\"users-permissions\",\"globalId\":\"UsersPermissionsUser\",\"uid\":\"plugin::users-permissions.user\",\"modelType\":\"contentType\",\"kind\":\"collectionType\",\"__schema__\":{\"collectionName\":\"up_users\",\"info\":{\"name\":\"user\",\"description\":\"\",\"singularName\":\"user\",\"pluralName\":\"users\",\"displayName\":\"User\"},\"options\":{\"timestamps\":true},\"attributes\":{\"username\":{\"type\":\"string\",\"minLength\":3,\"unique\":true,\"configurable\":false,\"required\":true},\"email\":{\"type\":\"email\",\"minLength\":6,\"configurable\":false,\"required\":true},\"provider\":{\"type\":\"string\",\"configurable\":false},\"password\":{\"type\":\"password\",\"minLength\":6,\"configurable\":false,\"private\":true,\"searchable\":false},\"resetPasswordToken\":{\"type\":\"string\",\"configurable\":false,\"private\":true,\"searchable\":false},\"confirmationToken\":{\"type\":\"string\",\"configurable\":false,\"private\":true,\"searchable\":false},\"confirmed\":{\"type\":\"boolean\",\"default\":false,\"configurable\":false},\"blocked\":{\"type\":\"boolean\",\"default\":false,\"configurable\":false},\"role\":{\"type\":\"relation\",\"relation\":\"manyToOne\",\"target\":\"plugin::users-permissions.role\",\"inversedBy\":\"users\",\"configurable\":false}},\"kind\":\"collectionType\"},\"modelName\":\"user\"},\"api::lesson.lesson\":{\"kind\":\"collectionType\",\"collectionName\":\"lessons\",\"info\":{\"singularName\":\"lesson\",\"pluralName\":\"lessons\",\"displayName\":\"lesson\"},\"options\":{\"draftAndPublish\":false},\"pluginOptions\":{},\"attributes\":{\"lesson_name\":{\"type\":\"string\"},\"teacher\":{\"type\":\"relation\",\"relation\":\"manyToOne\",\"target\":\"api::teacher.teacher\",\"inversedBy\":\"lessons\"},\"student_lessons\":{\"type\":\"relation\",\"relation\":\"manyToMany\",\"target\":\"api::student-lesson.student-lesson\",\"inversedBy\":\"lessons\"},\"createdAt\":{\"type\":\"datetime\"},\"updatedAt\":{\"type\":\"datetime\"},\"publishedAt\":{\"type\":\"datetime\",\"configurable\":false,\"writable\":true,\"visible\":false},\"createdBy\":{\"type\":\"relation\",\"relation\":\"oneToOne\",\"target\":\"admin::user\",\"configurable\":false,\"writable\":false,\"visible\":false,\"useJoinTable\":false,\"private\":true},\"updatedBy\":{\"type\":\"relation\",\"relation\":\"oneToOne\",\"target\":\"admin::user\",\"configurable\":false,\"writable\":false,\"visible\":false,\"useJoinTable\":false,\"private\":true},\"locale\":{\"writable\":true,\"private\":true,\"configurable\":false,\"visible\":false,\"type\":\"string\"},\"localizations\":{\"type\":\"relation\",\"relation\":\"oneToMany\",\"target\":\"api::lesson.lesson\",\"writable\":false,\"private\":true,\"configurable\":false,\"visible\":false,\"unstable_virtual\":true,\"joinColumn\":{\"name\":\"document_id\",\"referencedColumn\":\"document_id\",\"referencedTable\":\"lessons\"}}},\"apiName\":\"lesson\",\"globalId\":\"Lesson\",\"uid\":\"api::lesson.lesson\",\"modelType\":\"contentType\",\"__schema__\":{\"collectionName\":\"lessons\",\"info\":{\"singularName\":\"lesson\",\"pluralName\":\"lessons\",\"displayName\":\"lesson\"},\"options\":{\"draftAndPublish\":false},\"pluginOptions\":{},\"attributes\":{\"lesson_name\":{\"type\":\"string\"},\"teacher\":{\"type\":\"relation\",\"relation\":\"manyToOne\",\"target\":\"api::teacher.teacher\",\"inversedBy\":\"lessons\"},\"student_lessons\":{\"type\":\"relation\",\"relation\":\"manyToMany\",\"target\":\"api::student-lesson.student-lesson\",\"inversedBy\":\"lessons\"}},\"kind\":\"collectionType\"},\"modelName\":\"lesson\",\"actions\":{},\"lifecycles\":{}},\"api::student.student\":{\"kind\":\"collectionType\",\"collectionName\":\"students\",\"info\":{\"singularName\":\"student\",\"pluralName\":\"students\",\"displayName\":\"student\"},\"options\":{\"draftAndPublish\":false},\"pluginOptions\":{},\"attributes\":{\"student_name\":{\"type\":\"string\"},\"nisn\":{\"type\":\"string\"},\"student_lessons\":{\"type\":\"relation\",\"relation\":\"manyToMany\",\"target\":\"api::student-lesson.student-lesson\",\"inversedBy\":\"students\"},\"createdAt\":{\"type\":\"datetime\"},\"updatedAt\":{\"type\":\"datetime\"},\"publishedAt\":{\"type\":\"datetime\",\"configurable\":false,\"writable\":true,\"visible\":false},\"createdBy\":{\"type\":\"relation\",\"relation\":\"oneToOne\",\"target\":\"admin::user\",\"configurable\":false,\"writable\":false,\"visible\":false,\"useJoinTable\":false,\"private\":true},\"updatedBy\":{\"type\":\"relation\",\"relation\":\"oneToOne\",\"target\":\"admin::user\",\"configurable\":false,\"writable\":false,\"visible\":false,\"useJoinTable\":false,\"private\":true},\"locale\":{\"writable\":true,\"private\":true,\"configurable\":false,\"visible\":false,\"type\":\"string\"},\"localizations\":{\"type\":\"relation\",\"relation\":\"oneToMany\",\"target\":\"api::student.student\",\"writable\":false,\"private\":true,\"configurable\":false,\"visible\":false,\"unstable_virtual\":true,\"joinColumn\":{\"name\":\"document_id\",\"referencedColumn\":\"document_id\",\"referencedTable\":\"students\"}}},\"apiName\":\"student\",\"globalId\":\"Student\",\"uid\":\"api::student.student\",\"modelType\":\"contentType\",\"__schema__\":{\"collectionName\":\"students\",\"info\":{\"singularName\":\"student\",\"pluralName\":\"students\",\"displayName\":\"student\"},\"options\":{\"draftAndPublish\":false},\"pluginOptions\":{},\"attributes\":{\"student_name\":{\"type\":\"string\"},\"nisn\":{\"type\":\"string\"},\"student_lessons\":{\"type\":\"relation\",\"relation\":\"manyToMany\",\"target\":\"api::student-lesson.student-lesson\",\"inversedBy\":\"students\"}},\"kind\":\"collectionType\"},\"modelName\":\"student\",\"actions\":{},\"lifecycles\":{}},\"api::student-lesson.student-lesson\":{\"kind\":\"collectionType\",\"collectionName\":\"student_lessons\",\"info\":{\"singularName\":\"student-lesson\",\"pluralName\":\"student-lessons\",\"displayName\":\"student_lesson\"},\"options\":{\"draftAndPublish\":false},\"pluginOptions\":{},\"attributes\":{\"students\":{\"type\":\"relation\",\"relation\":\"manyToMany\",\"target\":\"api::student.student\",\"mappedBy\":\"student_lessons\"},\"lessons\":{\"type\":\"relation\",\"relation\":\"manyToMany\",\"target\":\"api::lesson.lesson\",\"mappedBy\":\"student_lessons\"},\"createdAt\":{\"type\":\"datetime\"},\"updatedAt\":{\"type\":\"datetime\"},\"publishedAt\":{\"type\":\"datetime\",\"configurable\":false,\"writable\":true,\"visible\":false},\"createdBy\":{\"type\":\"relation\",\"relation\":\"oneToOne\",\"target\":\"admin::user\",\"configurable\":false,\"writable\":false,\"visible\":false,\"useJoinTable\":false,\"private\":true},\"updatedBy\":{\"type\":\"relation\",\"relation\":\"oneToOne\",\"target\":\"admin::user\",\"configurable\":false,\"writable\":false,\"visible\":false,\"useJoinTable\":false,\"private\":true},\"locale\":{\"writable\":true,\"private\":true,\"configurable\":false,\"visible\":false,\"type\":\"string\"},\"localizations\":{\"type\":\"relation\",\"relation\":\"oneToMany\",\"target\":\"api::student-lesson.student-lesson\",\"writable\":false,\"private\":true,\"configurable\":false,\"visible\":false,\"unstable_virtual\":true,\"joinColumn\":{\"name\":\"document_id\",\"referencedColumn\":\"document_id\",\"referencedTable\":\"student_lessons\"}}},\"apiName\":\"student-lesson\",\"globalId\":\"StudentLesson\",\"uid\":\"api::student-lesson.student-lesson\",\"modelType\":\"contentType\",\"__schema__\":{\"collectionName\":\"student_lessons\",\"info\":{\"singularName\":\"student-lesson\",\"pluralName\":\"student-lessons\",\"displayName\":\"student_lesson\"},\"options\":{\"draftAndPublish\":false},\"pluginOptions\":{},\"attributes\":{\"students\":{\"type\":\"relation\",\"relation\":\"manyToMany\",\"target\":\"api::student.student\",\"mappedBy\":\"student_lessons\"},\"lessons\":{\"type\":\"relation\",\"relation\":\"manyToMany\",\"target\":\"api::lesson.lesson\",\"mappedBy\":\"student_lessons\"}},\"kind\":\"collectionType\"},\"modelName\":\"student-lesson\",\"actions\":{},\"lifecycles\":{}},\"api::teacher.teacher\":{\"kind\":\"collectionType\",\"collectionName\":\"teachers\",\"info\":{\"singularName\":\"teacher\",\"pluralName\":\"teachers\",\"displayName\":\"teacher\"},\"options\":{\"draftAndPublish\":false},\"pluginOptions\":{},\"attributes\":{\"teacher_name\":{\"type\":\"string\"},\"lessons\":{\"type\":\"relation\",\"relation\":\"oneToMany\",\"target\":\"api::lesson.lesson\",\"mappedBy\":\"teacher\"},\"createdAt\":{\"type\":\"datetime\"},\"updatedAt\":{\"type\":\"datetime\"},\"publishedAt\":{\"type\":\"datetime\",\"configurable\":false,\"writable\":true,\"visible\":false},\"createdBy\":{\"type\":\"relation\",\"relation\":\"oneToOne\",\"target\":\"admin::user\",\"configurable\":false,\"writable\":false,\"visible\":false,\"useJoinTable\":false,\"private\":true},\"updatedBy\":{\"type\":\"relation\",\"relation\":\"oneToOne\",\"target\":\"admin::user\",\"configurable\":false,\"writable\":false,\"visible\":false,\"useJoinTable\":false,\"private\":true},\"locale\":{\"writable\":true,\"private\":true,\"configurable\":false,\"visible\":false,\"type\":\"string\"},\"localizations\":{\"type\":\"relation\",\"relation\":\"oneToMany\",\"target\":\"api::teacher.teacher\",\"writable\":false,\"private\":true,\"configurable\":false,\"visible\":false,\"unstable_virtual\":true,\"joinColumn\":{\"name\":\"document_id\",\"referencedColumn\":\"document_id\",\"referencedTable\":\"teachers\"}}},\"apiName\":\"teacher\",\"globalId\":\"Teacher\",\"uid\":\"api::teacher.teacher\",\"modelType\":\"contentType\",\"__schema__\":{\"collectionName\":\"teachers\",\"info\":{\"singularName\":\"teacher\",\"pluralName\":\"teachers\",\"displayName\":\"teacher\"},\"options\":{\"draftAndPublish\":false},\"pluginOptions\":{},\"attributes\":{\"teacher_name\":{\"type\":\"string\"},\"lessons\":{\"type\":\"relation\",\"relation\":\"oneToMany\",\"target\":\"api::lesson.lesson\",\"mappedBy\":\"teacher\"}},\"kind\":\"collectionType\"},\"modelName\":\"teacher\",\"actions\":{},\"lifecycles\":{}},\"admin::permission\":{\"collectionName\":\"admin_permissions\",\"info\":{\"name\":\"Permission\",\"description\":\"\",\"singularName\":\"permission\",\"pluralName\":\"permissions\",\"displayName\":\"Permission\"},\"options\":{\"draftAndPublish\":false},\"pluginOptions\":{\"content-manager\":{\"visible\":false},\"content-type-builder\":{\"visible\":false}},\"attributes\":{\"action\":{\"type\":\"string\",\"minLength\":1,\"configurable\":false,\"required\":true},\"actionParameters\":{\"type\":\"json\",\"configurable\":false,\"required\":false,\"default\":{}},\"subject\":{\"type\":\"string\",\"minLength\":1,\"configurable\":false,\"required\":false},\"properties\":{\"type\":\"json\",\"configurable\":false,\"required\":false,\"default\":{}},\"conditions\":{\"type\":\"json\",\"configurable\":false,\"required\":false,\"default\":[]},\"role\":{\"configurable\":false,\"type\":\"relation\",\"relation\":\"manyToOne\",\"inversedBy\":\"permissions\",\"target\":\"admin::role\"},\"createdAt\":{\"type\":\"datetime\"},\"updatedAt\":{\"type\":\"datetime\"},\"publishedAt\":{\"type\":\"datetime\",\"configurable\":false,\"writable\":true,\"visible\":false},\"createdBy\":{\"type\":\"relation\",\"relation\":\"oneToOne\",\"target\":\"admin::user\",\"configurable\":false,\"writable\":false,\"visible\":false,\"useJoinTable\":false,\"private\":true},\"updatedBy\":{\"type\":\"relation\",\"relation\":\"oneToOne\",\"target\":\"admin::user\",\"configurable\":false,\"writable\":false,\"visible\":false,\"useJoinTable\":false,\"private\":true},\"locale\":{\"writable\":true,\"private\":true,\"configurable\":false,\"visible\":false,\"type\":\"string\"},\"localizations\":{\"type\":\"relation\",\"relation\":\"oneToMany\",\"target\":\"admin::permission\",\"writable\":false,\"private\":true,\"configurable\":false,\"visible\":false,\"unstable_virtual\":true,\"joinColumn\":{\"name\":\"document_id\",\"referencedColumn\":\"document_id\",\"referencedTable\":\"admin_permissions\"}}},\"plugin\":\"admin\",\"globalId\":\"AdminPermission\",\"uid\":\"admin::permission\",\"modelType\":\"contentType\",\"kind\":\"collectionType\",\"__schema__\":{\"collectionName\":\"admin_permissions\",\"info\":{\"name\":\"Permission\",\"description\":\"\",\"singularName\":\"permission\",\"pluralName\":\"permissions\",\"displayName\":\"Permission\"},\"options\":{},\"pluginOptions\":{\"content-manager\":{\"visible\":false},\"content-type-builder\":{\"visible\":false}},\"attributes\":{\"action\":{\"type\":\"string\",\"minLength\":1,\"configurable\":false,\"required\":true},\"actionParameters\":{\"type\":\"json\",\"configurable\":false,\"required\":false,\"default\":{}},\"subject\":{\"type\":\"string\",\"minLength\":1,\"configurable\":false,\"required\":false},\"properties\":{\"type\":\"json\",\"configurable\":false,\"required\":false,\"default\":{}},\"conditions\":{\"type\":\"json\",\"configurable\":false,\"required\":false,\"default\":[]},\"role\":{\"configurable\":false,\"type\":\"relation\",\"relation\":\"manyToOne\",\"inversedBy\":\"permissions\",\"target\":\"admin::role\"}},\"kind\":\"collectionType\"},\"modelName\":\"permission\"},\"admin::user\":{\"collectionName\":\"admin_users\",\"info\":{\"name\":\"User\",\"description\":\"\",\"singularName\":\"user\",\"pluralName\":\"users\",\"displayName\":\"User\"},\"pluginOptions\":{\"content-manager\":{\"visible\":false},\"content-type-builder\":{\"visible\":false}},\"attributes\":{\"firstname\":{\"type\":\"string\",\"unique\":false,\"minLength\":1,\"configurable\":false,\"required\":false},\"lastname\":{\"type\":\"string\",\"unique\":false,\"minLength\":1,\"configurable\":false,\"required\":false},\"username\":{\"type\":\"string\",\"unique\":false,\"configurable\":false,\"required\":false},\"email\":{\"type\":\"email\",\"minLength\":6,\"configurable\":false,\"required\":true,\"unique\":true,\"private\":true},\"password\":{\"type\":\"password\",\"minLength\":6,\"configurable\":false,\"required\":false,\"private\":true,\"searchable\":false},\"resetPasswordToken\":{\"type\":\"string\",\"configurable\":false,\"private\":true,\"searchable\":false},\"registrationToken\":{\"type\":\"string\",\"configurable\":false,\"private\":true,\"searchable\":false},\"isActive\":{\"type\":\"boolean\",\"default\":false,\"configurable\":false,\"private\":true},\"roles\":{\"configurable\":false,\"private\":true,\"type\":\"relation\",\"relation\":\"manyToMany\",\"inversedBy\":\"users\",\"target\":\"admin::role\",\"collectionName\":\"strapi_users_roles\"},\"blocked\":{\"type\":\"boolean\",\"default\":false,\"configurable\":false,\"private\":true},\"preferedLanguage\":{\"type\":\"string\",\"configurable\":false,\"required\":false,\"searchable\":false},\"createdAt\":{\"type\":\"datetime\"},\"updatedAt\":{\"type\":\"datetime\"},\"publishedAt\":{\"type\":\"datetime\",\"configurable\":false,\"writable\":true,\"visible\":false},\"createdBy\":{\"type\":\"relation\",\"relation\":\"oneToOne\",\"target\":\"admin::user\",\"configurable\":false,\"writable\":false,\"visible\":false,\"useJoinTable\":false,\"private\":true},\"updatedBy\":{\"type\":\"relation\",\"relation\":\"oneToOne\",\"target\":\"admin::user\",\"configurable\":false,\"writable\":false,\"visible\":false,\"useJoinTable\":false,\"private\":true},\"locale\":{\"writable\":true,\"private\":true,\"configurable\":false,\"visible\":false,\"type\":\"string\"},\"localizations\":{\"type\":\"relation\",\"relation\":\"oneToMany\",\"target\":\"admin::user\",\"writable\":false,\"private\":true,\"configurable\":false,\"visible\":false,\"unstable_virtual\":true,\"joinColumn\":{\"name\":\"document_id\",\"referencedColumn\":\"document_id\",\"referencedTable\":\"admin_users\"}}},\"config\":{\"attributes\":{\"resetPasswordToken\":{\"hidden\":true},\"registrationToken\":{\"hidden\":true}}},\"plugin\":\"admin\",\"globalId\":\"AdminUser\",\"uid\":\"admin::user\",\"modelType\":\"contentType\",\"kind\":\"collectionType\",\"__schema__\":{\"collectionName\":\"admin_users\",\"info\":{\"name\":\"User\",\"description\":\"\",\"singularName\":\"user\",\"pluralName\":\"users\",\"displayName\":\"User\"},\"pluginOptions\":{\"content-manager\":{\"visible\":false},\"content-type-builder\":{\"visible\":false}},\"attributes\":{\"firstname\":{\"type\":\"string\",\"unique\":false,\"minLength\":1,\"configurable\":false,\"required\":false},\"lastname\":{\"type\":\"string\",\"unique\":false,\"minLength\":1,\"configurable\":false,\"required\":false},\"username\":{\"type\":\"string\",\"unique\":false,\"configurable\":false,\"required\":false},\"email\":{\"type\":\"email\",\"minLength\":6,\"configurable\":false,\"required\":true,\"unique\":true,\"private\":true},\"password\":{\"type\":\"password\",\"minLength\":6,\"configurable\":false,\"required\":false,\"private\":true,\"searchable\":false},\"resetPasswordToken\":{\"type\":\"string\",\"configurable\":false,\"private\":true,\"searchable\":false},\"registrationToken\":{\"type\":\"string\",\"configurable\":false,\"private\":true,\"searchable\":false},\"isActive\":{\"type\":\"boolean\",\"default\":false,\"configurable\":false,\"private\":true},\"roles\":{\"configurable\":false,\"private\":true,\"type\":\"relation\",\"relation\":\"manyToMany\",\"inversedBy\":\"users\",\"target\":\"admin::role\",\"collectionName\":\"strapi_users_roles\"},\"blocked\":{\"type\":\"boolean\",\"default\":false,\"configurable\":false,\"private\":true},\"preferedLanguage\":{\"type\":\"string\",\"configurable\":false,\"required\":false,\"searchable\":false}},\"kind\":\"collectionType\"},\"modelName\":\"user\",\"options\":{\"draftAndPublish\":false}},\"admin::role\":{\"collectionName\":\"admin_roles\",\"info\":{\"name\":\"Role\",\"description\":\"\",\"singularName\":\"role\",\"pluralName\":\"roles\",\"displayName\":\"Role\"},\"options\":{\"draftAndPublish\":false},\"pluginOptions\":{\"content-manager\":{\"visible\":false},\"content-type-builder\":{\"visible\":false}},\"attributes\":{\"name\":{\"type\":\"string\",\"minLength\":1,\"unique\":true,\"configurable\":false,\"required\":true},\"code\":{\"type\":\"string\",\"minLength\":1,\"unique\":true,\"configurable\":false,\"required\":true},\"description\":{\"type\":\"string\",\"configurable\":false},\"users\":{\"configurable\":false,\"type\":\"relation\",\"relation\":\"manyToMany\",\"mappedBy\":\"roles\",\"target\":\"admin::user\"},\"permissions\":{\"configurable\":false,\"type\":\"relation\",\"relation\":\"oneToMany\",\"mappedBy\":\"role\",\"target\":\"admin::permission\"},\"createdAt\":{\"type\":\"datetime\"},\"updatedAt\":{\"type\":\"datetime\"},\"publishedAt\":{\"type\":\"datetime\",\"configurable\":false,\"writable\":true,\"visible\":false},\"createdBy\":{\"type\":\"relation\",\"relation\":\"oneToOne\",\"target\":\"admin::user\",\"configurable\":false,\"writable\":false,\"visible\":false,\"useJoinTable\":false,\"private\":true},\"updatedBy\":{\"type\":\"relation\",\"relation\":\"oneToOne\",\"target\":\"admin::user\",\"configurable\":false,\"writable\":false,\"visible\":false,\"useJoinTable\":false,\"private\":true},\"locale\":{\"writable\":true,\"private\":true,\"configurable\":false,\"visible\":false,\"type\":\"string\"},\"localizations\":{\"type\":\"relation\",\"relation\":\"oneToMany\",\"target\":\"admin::role\",\"writable\":false,\"private\":true,\"configurable\":false,\"visible\":false,\"unstable_virtual\":true,\"joinColumn\":{\"name\":\"document_id\",\"referencedColumn\":\"document_id\",\"referencedTable\":\"admin_roles\"}}},\"plugin\":\"admin\",\"globalId\":\"AdminRole\",\"uid\":\"admin::role\",\"modelType\":\"contentType\",\"kind\":\"collectionType\",\"__schema__\":{\"collectionName\":\"admin_roles\",\"info\":{\"name\":\"Role\",\"description\":\"\",\"singularName\":\"role\",\"pluralName\":\"roles\",\"displayName\":\"Role\"},\"options\":{},\"pluginOptions\":{\"content-manager\":{\"visible\":false},\"content-type-builder\":{\"visible\":false}},\"attributes\":{\"name\":{\"type\":\"string\",\"minLength\":1,\"unique\":true,\"configurable\":false,\"required\":true},\"code\":{\"type\":\"string\",\"minLength\":1,\"unique\":true,\"configurable\":false,\"required\":true},\"description\":{\"type\":\"string\",\"configurable\":false},\"users\":{\"configurable\":false,\"type\":\"relation\",\"relation\":\"manyToMany\",\"mappedBy\":\"roles\",\"target\":\"admin::user\"},\"permissions\":{\"configurable\":false,\"type\":\"relation\",\"relation\":\"oneToMany\",\"mappedBy\":\"role\",\"target\":\"admin::permission\"}},\"kind\":\"collectionType\"},\"modelName\":\"role\"},\"admin::api-token\":{\"collectionName\":\"strapi_api_tokens\",\"info\":{\"name\":\"Api Token\",\"singularName\":\"api-token\",\"pluralName\":\"api-tokens\",\"displayName\":\"Api Token\",\"description\":\"\"},\"options\":{\"draftAndPublish\":false},\"pluginOptions\":{\"content-manager\":{\"visible\":false},\"content-type-builder\":{\"visible\":false}},\"attributes\":{\"name\":{\"type\":\"string\",\"minLength\":1,\"configurable\":false,\"required\":true,\"unique\":true},\"description\":{\"type\":\"string\",\"minLength\":1,\"configurable\":false,\"required\":false,\"default\":\"\"},\"type\":{\"type\":\"enumeration\",\"enum\":[\"read-only\",\"full-access\",\"custom\"],\"configurable\":false,\"required\":true,\"default\":\"read-only\"},\"accessKey\":{\"type\":\"string\",\"minLength\":1,\"configurable\":false,\"required\":true,\"searchable\":false},\"encryptedKey\":{\"type\":\"text\",\"minLength\":1,\"configurable\":false,\"required\":false,\"searchable\":false},\"lastUsedAt\":{\"type\":\"datetime\",\"configurable\":false,\"required\":false},\"permissions\":{\"type\":\"relation\",\"target\":\"admin::api-token-permission\",\"relation\":\"oneToMany\",\"mappedBy\":\"token\",\"configurable\":false,\"required\":false},\"expiresAt\":{\"type\":\"datetime\",\"configurable\":false,\"required\":false},\"lifespan\":{\"type\":\"biginteger\",\"configurable\":false,\"required\":false},\"createdAt\":{\"type\":\"datetime\"},\"updatedAt\":{\"type\":\"datetime\"},\"publishedAt\":{\"type\":\"datetime\",\"configurable\":false,\"writable\":true,\"visible\":false},\"createdBy\":{\"type\":\"relation\",\"relation\":\"oneToOne\",\"target\":\"admin::user\",\"configurable\":false,\"writable\":false,\"visible\":false,\"useJoinTable\":false,\"private\":true},\"updatedBy\":{\"type\":\"relation\",\"relation\":\"oneToOne\",\"target\":\"admin::user\",\"configurable\":false,\"writable\":false,\"visible\":false,\"useJoinTable\":false,\"private\":true},\"locale\":{\"writable\":true,\"private\":true,\"configurable\":false,\"visible\":false,\"type\":\"string\"},\"localizations\":{\"type\":\"relation\",\"relation\":\"oneToMany\",\"target\":\"admin::api-token\",\"writable\":false,\"private\":true,\"configurable\":false,\"visible\":false,\"unstable_virtual\":true,\"joinColumn\":{\"name\":\"document_id\",\"referencedColumn\":\"document_id\",\"referencedTable\":\"strapi_api_tokens\"}}},\"plugin\":\"admin\",\"globalId\":\"AdminApiToken\",\"uid\":\"admin::api-token\",\"modelType\":\"contentType\",\"kind\":\"collectionType\",\"__schema__\":{\"collectionName\":\"strapi_api_tokens\",\"info\":{\"name\":\"Api Token\",\"singularName\":\"api-token\",\"pluralName\":\"api-tokens\",\"displayName\":\"Api Token\",\"description\":\"\"},\"options\":{},\"pluginOptions\":{\"content-manager\":{\"visible\":false},\"content-type-builder\":{\"visible\":false}},\"attributes\":{\"name\":{\"type\":\"string\",\"minLength\":1,\"configurable\":false,\"required\":true,\"unique\":true},\"description\":{\"type\":\"string\",\"minLength\":1,\"configurable\":false,\"required\":false,\"default\":\"\"},\"type\":{\"type\":\"enumeration\",\"enum\":[\"read-only\",\"full-access\",\"custom\"],\"configurable\":false,\"required\":true,\"default\":\"read-only\"},\"accessKey\":{\"type\":\"string\",\"minLength\":1,\"configurable\":false,\"required\":true,\"searchable\":false},\"encryptedKey\":{\"type\":\"text\",\"minLength\":1,\"configurable\":false,\"required\":false,\"searchable\":false},\"lastUsedAt\":{\"type\":\"datetime\",\"configurable\":false,\"required\":false},\"permissions\":{\"type\":\"relation\",\"target\":\"admin::api-token-permission\",\"relation\":\"oneToMany\",\"mappedBy\":\"token\",\"configurable\":false,\"required\":false},\"expiresAt\":{\"type\":\"datetime\",\"configurable\":false,\"required\":false},\"lifespan\":{\"type\":\"biginteger\",\"configurable\":false,\"required\":false}},\"kind\":\"collectionType\"},\"modelName\":\"api-token\"},\"admin::api-token-permission\":{\"collectionName\":\"strapi_api_token_permissions\",\"info\":{\"name\":\"API Token Permission\",\"description\":\"\",\"singularName\":\"api-token-permission\",\"pluralName\":\"api-token-permissions\",\"displayName\":\"API Token Permission\"},\"options\":{\"draftAndPublish\":false},\"pluginOptions\":{\"content-manager\":{\"visible\":false},\"content-type-builder\":{\"visible\":false}},\"attributes\":{\"action\":{\"type\":\"string\",\"minLength\":1,\"configurable\":false,\"required\":true},\"token\":{\"configurable\":false,\"type\":\"relation\",\"relation\":\"manyToOne\",\"inversedBy\":\"permissions\",\"target\":\"admin::api-token\"},\"createdAt\":{\"type\":\"datetime\"},\"updatedAt\":{\"type\":\"datetime\"},\"publishedAt\":{\"type\":\"datetime\",\"configurable\":false,\"writable\":true,\"visible\":false},\"createdBy\":{\"type\":\"relation\",\"relation\":\"oneToOne\",\"target\":\"admin::user\",\"configurable\":false,\"writable\":false,\"visible\":false,\"useJoinTable\":false,\"private\":true},\"updatedBy\":{\"type\":\"relation\",\"relation\":\"oneToOne\",\"target\":\"admin::user\",\"configurable\":false,\"writable\":false,\"visible\":false,\"useJoinTable\":false,\"private\":true},\"locale\":{\"writable\":true,\"private\":true,\"configurable\":false,\"visible\":false,\"type\":\"string\"},\"localizations\":{\"type\":\"relation\",\"relation\":\"oneToMany\",\"target\":\"admin::api-token-permission\",\"writable\":false,\"private\":true,\"configurable\":false,\"visible\":false,\"unstable_virtual\":true,\"joinColumn\":{\"name\":\"document_id\",\"referencedColumn\":\"document_id\",\"referencedTable\":\"strapi_api_token_permissions\"}}},\"plugin\":\"admin\",\"globalId\":\"AdminApiTokenPermission\",\"uid\":\"admin::api-token-permission\",\"modelType\":\"contentType\",\"kind\":\"collectionType\",\"__schema__\":{\"collectionName\":\"strapi_api_token_permissions\",\"info\":{\"name\":\"API Token Permission\",\"description\":\"\",\"singularName\":\"api-token-permission\",\"pluralName\":\"api-token-permissions\",\"displayName\":\"API Token Permission\"},\"options\":{},\"pluginOptions\":{\"content-manager\":{\"visible\":false},\"content-type-builder\":{\"visible\":false}},\"attributes\":{\"action\":{\"type\":\"string\",\"minLength\":1,\"configurable\":false,\"required\":true},\"token\":{\"configurable\":false,\"type\":\"relation\",\"relation\":\"manyToOne\",\"inversedBy\":\"permissions\",\"target\":\"admin::api-token\"}},\"kind\":\"collectionType\"},\"modelName\":\"api-token-permission\"},\"admin::transfer-token\":{\"collectionName\":\"strapi_transfer_tokens\",\"info\":{\"name\":\"Transfer Token\",\"singularName\":\"transfer-token\",\"pluralName\":\"transfer-tokens\",\"displayName\":\"Transfer Token\",\"description\":\"\"},\"options\":{\"draftAndPublish\":false},\"pluginOptions\":{\"content-manager\":{\"visible\":false},\"content-type-builder\":{\"visible\":false}},\"attributes\":{\"name\":{\"type\":\"string\",\"minLength\":1,\"configurable\":false,\"required\":true,\"unique\":true},\"description\":{\"type\":\"string\",\"minLength\":1,\"configurable\":false,\"required\":false,\"default\":\"\"},\"accessKey\":{\"type\":\"string\",\"minLength\":1,\"configurable\":false,\"required\":true},\"lastUsedAt\":{\"type\":\"datetime\",\"configurable\":false,\"required\":false},\"permissions\":{\"type\":\"relation\",\"target\":\"admin::transfer-token-permission\",\"relation\":\"oneToMany\",\"mappedBy\":\"token\",\"configurable\":false,\"required\":false},\"expiresAt\":{\"type\":\"datetime\",\"configurable\":false,\"required\":false},\"lifespan\":{\"type\":\"biginteger\",\"configurable\":false,\"required\":false},\"createdAt\":{\"type\":\"datetime\"},\"updatedAt\":{\"type\":\"datetime\"},\"publishedAt\":{\"type\":\"datetime\",\"configurable\":false,\"writable\":true,\"visible\":false},\"createdBy\":{\"type\":\"relation\",\"relation\":\"oneToOne\",\"target\":\"admin::user\",\"configurable\":false,\"writable\":false,\"visible\":false,\"useJoinTable\":false,\"private\":true},\"updatedBy\":{\"type\":\"relation\",\"relation\":\"oneToOne\",\"target\":\"admin::user\",\"configurable\":false,\"writable\":false,\"visible\":false,\"useJoinTable\":false,\"private\":true},\"locale\":{\"writable\":true,\"private\":true,\"configurable\":false,\"visible\":false,\"type\":\"string\"},\"localizations\":{\"type\":\"relation\",\"relation\":\"oneToMany\",\"target\":\"admin::transfer-token\",\"writable\":false,\"private\":true,\"configurable\":false,\"visible\":false,\"unstable_virtual\":true,\"joinColumn\":{\"name\":\"document_id\",\"referencedColumn\":\"document_id\",\"referencedTable\":\"strapi_transfer_tokens\"}}},\"plugin\":\"admin\",\"globalId\":\"AdminTransferToken\",\"uid\":\"admin::transfer-token\",\"modelType\":\"contentType\",\"kind\":\"collectionType\",\"__schema__\":{\"collectionName\":\"strapi_transfer_tokens\",\"info\":{\"name\":\"Transfer Token\",\"singularName\":\"transfer-token\",\"pluralName\":\"transfer-tokens\",\"displayName\":\"Transfer Token\",\"description\":\"\"},\"options\":{},\"pluginOptions\":{\"content-manager\":{\"visible\":false},\"content-type-builder\":{\"visible\":false}},\"attributes\":{\"name\":{\"type\":\"string\",\"minLength\":1,\"configurable\":false,\"required\":true,\"unique\":true},\"description\":{\"type\":\"string\",\"minLength\":1,\"configurable\":false,\"required\":false,\"default\":\"\"},\"accessKey\":{\"type\":\"string\",\"minLength\":1,\"configurable\":false,\"required\":true},\"lastUsedAt\":{\"type\":\"datetime\",\"configurable\":false,\"required\":false},\"permissions\":{\"type\":\"relation\",\"target\":\"admin::transfer-token-permission\",\"relation\":\"oneToMany\",\"mappedBy\":\"token\",\"configurable\":false,\"required\":false},\"expiresAt\":{\"type\":\"datetime\",\"configurable\":false,\"required\":false},\"lifespan\":{\"type\":\"biginteger\",\"configurable\":false,\"required\":false}},\"kind\":\"collectionType\"},\"modelName\":\"transfer-token\"},\"admin::transfer-token-permission\":{\"collectionName\":\"strapi_transfer_token_permissions\",\"info\":{\"name\":\"Transfer Token Permission\",\"description\":\"\",\"singularName\":\"transfer-token-permission\",\"pluralName\":\"transfer-token-permissions\",\"displayName\":\"Transfer Token Permission\"},\"options\":{\"draftAndPublish\":false},\"pluginOptions\":{\"content-manager\":{\"visible\":false},\"content-type-builder\":{\"visible\":false}},\"attributes\":{\"action\":{\"type\":\"string\",\"minLength\":1,\"configurable\":false,\"required\":true},\"token\":{\"configurable\":false,\"type\":\"relation\",\"relation\":\"manyToOne\",\"inversedBy\":\"permissions\",\"target\":\"admin::transfer-token\"},\"createdAt\":{\"type\":\"datetime\"},\"updatedAt\":{\"type\":\"datetime\"},\"publishedAt\":{\"type\":\"datetime\",\"configurable\":false,\"writable\":true,\"visible\":false},\"createdBy\":{\"type\":\"relation\",\"relation\":\"oneToOne\",\"target\":\"admin::user\",\"configurable\":false,\"writable\":false,\"visible\":false,\"useJoinTable\":false,\"private\":true},\"updatedBy\":{\"type\":\"relation\",\"relation\":\"oneToOne\",\"target\":\"admin::user\",\"configurable\":false,\"writable\":false,\"visible\":false,\"useJoinTable\":false,\"private\":true},\"locale\":{\"writable\":true,\"private\":true,\"configurable\":false,\"visible\":false,\"type\":\"string\"},\"localizations\":{\"type\":\"relation\",\"relation\":\"oneToMany\",\"target\":\"admin::transfer-token-permission\",\"writable\":false,\"private\":true,\"configurable\":false,\"visible\":false,\"unstable_virtual\":true,\"joinColumn\":{\"name\":\"document_id\",\"referencedColumn\":\"document_id\",\"referencedTable\":\"strapi_transfer_token_permissions\"}}},\"plugin\":\"admin\",\"globalId\":\"AdminTransferTokenPermission\",\"uid\":\"admin::transfer-token-permission\",\"modelType\":\"contentType\",\"kind\":\"collectionType\",\"__schema__\":{\"collectionName\":\"strapi_transfer_token_permissions\",\"info\":{\"name\":\"Transfer Token Permission\",\"description\":\"\",\"singularName\":\"transfer-token-permission\",\"pluralName\":\"transfer-token-permissions\",\"displayName\":\"Transfer Token Permission\"},\"options\":{},\"pluginOptions\":{\"content-manager\":{\"visible\":false},\"content-type-builder\":{\"visible\":false}},\"attributes\":{\"action\":{\"type\":\"string\",\"minLength\":1,\"configurable\":false,\"required\":true},\"token\":{\"configurable\":false,\"type\":\"relation\",\"relation\":\"manyToOne\",\"inversedBy\":\"permissions\",\"target\":\"admin::transfer-token\"}},\"kind\":\"collectionType\"},\"modelName\":\"transfer-token-permission\"}}', 'object', NULL, NULL);
INSERT INTO `strapi_core_store_settings` (`id`, `key`, `value`, `type`, `environment`, `tag`) VALUES
(2, 'plugin_content_manager_configuration_content_types::plugin::i18n.locale', '{\"settings\":{\"bulkable\":true,\"filterable\":true,\"searchable\":true,\"pageSize\":10,\"mainField\":\"name\",\"defaultSortBy\":\"name\",\"defaultSortOrder\":\"ASC\"},\"metadatas\":{\"id\":{\"edit\":{},\"list\":{\"label\":\"id\",\"searchable\":true,\"sortable\":true}},\"name\":{\"edit\":{\"label\":\"name\",\"description\":\"\",\"placeholder\":\"\",\"visible\":true,\"editable\":true},\"list\":{\"label\":\"name\",\"searchable\":true,\"sortable\":true}},\"code\":{\"edit\":{\"label\":\"code\",\"description\":\"\",\"placeholder\":\"\",\"visible\":true,\"editable\":true},\"list\":{\"label\":\"code\",\"searchable\":true,\"sortable\":true}},\"createdAt\":{\"edit\":{\"label\":\"createdAt\",\"description\":\"\",\"placeholder\":\"\",\"visible\":false,\"editable\":true},\"list\":{\"label\":\"createdAt\",\"searchable\":true,\"sortable\":true}},\"updatedAt\":{\"edit\":{\"label\":\"updatedAt\",\"description\":\"\",\"placeholder\":\"\",\"visible\":false,\"editable\":true},\"list\":{\"label\":\"updatedAt\",\"searchable\":true,\"sortable\":true}},\"createdBy\":{\"edit\":{\"label\":\"createdBy\",\"description\":\"\",\"placeholder\":\"\",\"visible\":false,\"editable\":true,\"mainField\":\"firstname\"},\"list\":{\"label\":\"createdBy\",\"searchable\":true,\"sortable\":true}},\"updatedBy\":{\"edit\":{\"label\":\"updatedBy\",\"description\":\"\",\"placeholder\":\"\",\"visible\":false,\"editable\":true,\"mainField\":\"firstname\"},\"list\":{\"label\":\"updatedBy\",\"searchable\":true,\"sortable\":true}},\"documentId\":{\"edit\":{},\"list\":{\"label\":\"documentId\",\"searchable\":true,\"sortable\":true}}},\"layouts\":{\"list\":[\"id\",\"name\",\"code\",\"createdAt\"],\"edit\":[[{\"name\":\"name\",\"size\":6},{\"name\":\"code\",\"size\":6}]]},\"uid\":\"plugin::i18n.locale\"}', 'object', NULL, NULL),
(3, 'plugin_content_manager_configuration_content_types::plugin::review-workflows.workflow', '{\"settings\":{\"bulkable\":true,\"filterable\":true,\"searchable\":true,\"pageSize\":10,\"mainField\":\"name\",\"defaultSortBy\":\"name\",\"defaultSortOrder\":\"ASC\"},\"metadatas\":{\"id\":{\"edit\":{},\"list\":{\"label\":\"id\",\"searchable\":true,\"sortable\":true}},\"name\":{\"edit\":{\"label\":\"name\",\"description\":\"\",\"placeholder\":\"\",\"visible\":true,\"editable\":true},\"list\":{\"label\":\"name\",\"searchable\":true,\"sortable\":true}},\"stages\":{\"edit\":{\"label\":\"stages\",\"description\":\"\",\"placeholder\":\"\",\"visible\":true,\"editable\":true,\"mainField\":\"name\"},\"list\":{\"label\":\"stages\",\"searchable\":false,\"sortable\":false}},\"stageRequiredToPublish\":{\"edit\":{\"label\":\"stageRequiredToPublish\",\"description\":\"\",\"placeholder\":\"\",\"visible\":true,\"editable\":true,\"mainField\":\"name\"},\"list\":{\"label\":\"stageRequiredToPublish\",\"searchable\":true,\"sortable\":true}},\"contentTypes\":{\"edit\":{\"label\":\"contentTypes\",\"description\":\"\",\"placeholder\":\"\",\"visible\":true,\"editable\":true},\"list\":{\"label\":\"contentTypes\",\"searchable\":false,\"sortable\":false}},\"createdAt\":{\"edit\":{\"label\":\"createdAt\",\"description\":\"\",\"placeholder\":\"\",\"visible\":false,\"editable\":true},\"list\":{\"label\":\"createdAt\",\"searchable\":true,\"sortable\":true}},\"updatedAt\":{\"edit\":{\"label\":\"updatedAt\",\"description\":\"\",\"placeholder\":\"\",\"visible\":false,\"editable\":true},\"list\":{\"label\":\"updatedAt\",\"searchable\":true,\"sortable\":true}},\"createdBy\":{\"edit\":{\"label\":\"createdBy\",\"description\":\"\",\"placeholder\":\"\",\"visible\":false,\"editable\":true,\"mainField\":\"firstname\"},\"list\":{\"label\":\"createdBy\",\"searchable\":true,\"sortable\":true}},\"updatedBy\":{\"edit\":{\"label\":\"updatedBy\",\"description\":\"\",\"placeholder\":\"\",\"visible\":false,\"editable\":true,\"mainField\":\"firstname\"},\"list\":{\"label\":\"updatedBy\",\"searchable\":true,\"sortable\":true}},\"documentId\":{\"edit\":{},\"list\":{\"label\":\"documentId\",\"searchable\":true,\"sortable\":true}}},\"layouts\":{\"list\":[\"id\",\"name\",\"stages\",\"stageRequiredToPublish\"],\"edit\":[[{\"name\":\"name\",\"size\":6},{\"name\":\"stages\",\"size\":6}],[{\"name\":\"stageRequiredToPublish\",\"size\":6}],[{\"name\":\"contentTypes\",\"size\":12}]]},\"uid\":\"plugin::review-workflows.workflow\"}', 'object', NULL, NULL),
(4, 'plugin_content_manager_configuration_content_types::plugin::users-permissions.role', '{\"settings\":{\"bulkable\":true,\"filterable\":true,\"searchable\":true,\"pageSize\":10,\"mainField\":\"name\",\"defaultSortBy\":\"name\",\"defaultSortOrder\":\"ASC\"},\"metadatas\":{\"id\":{\"edit\":{},\"list\":{\"label\":\"id\",\"searchable\":true,\"sortable\":true}},\"name\":{\"edit\":{\"label\":\"name\",\"description\":\"\",\"placeholder\":\"\",\"visible\":true,\"editable\":true},\"list\":{\"label\":\"name\",\"searchable\":true,\"sortable\":true}},\"description\":{\"edit\":{\"label\":\"description\",\"description\":\"\",\"placeholder\":\"\",\"visible\":true,\"editable\":true},\"list\":{\"label\":\"description\",\"searchable\":true,\"sortable\":true}},\"type\":{\"edit\":{\"label\":\"type\",\"description\":\"\",\"placeholder\":\"\",\"visible\":true,\"editable\":true},\"list\":{\"label\":\"type\",\"searchable\":true,\"sortable\":true}},\"permissions\":{\"edit\":{\"label\":\"permissions\",\"description\":\"\",\"placeholder\":\"\",\"visible\":true,\"editable\":true,\"mainField\":\"action\"},\"list\":{\"label\":\"permissions\",\"searchable\":false,\"sortable\":false}},\"users\":{\"edit\":{\"label\":\"users\",\"description\":\"\",\"placeholder\":\"\",\"visible\":true,\"editable\":true,\"mainField\":\"username\"},\"list\":{\"label\":\"users\",\"searchable\":false,\"sortable\":false}},\"createdAt\":{\"edit\":{\"label\":\"createdAt\",\"description\":\"\",\"placeholder\":\"\",\"visible\":false,\"editable\":true},\"list\":{\"label\":\"createdAt\",\"searchable\":true,\"sortable\":true}},\"updatedAt\":{\"edit\":{\"label\":\"updatedAt\",\"description\":\"\",\"placeholder\":\"\",\"visible\":false,\"editable\":true},\"list\":{\"label\":\"updatedAt\",\"searchable\":true,\"sortable\":true}},\"createdBy\":{\"edit\":{\"label\":\"createdBy\",\"description\":\"\",\"placeholder\":\"\",\"visible\":false,\"editable\":true,\"mainField\":\"firstname\"},\"list\":{\"label\":\"createdBy\",\"searchable\":true,\"sortable\":true}},\"updatedBy\":{\"edit\":{\"label\":\"updatedBy\",\"description\":\"\",\"placeholder\":\"\",\"visible\":false,\"editable\":true,\"mainField\":\"firstname\"},\"list\":{\"label\":\"updatedBy\",\"searchable\":true,\"sortable\":true}},\"documentId\":{\"edit\":{},\"list\":{\"label\":\"documentId\",\"searchable\":true,\"sortable\":true}}},\"layouts\":{\"list\":[\"id\",\"name\",\"description\",\"type\"],\"edit\":[[{\"name\":\"name\",\"size\":6},{\"name\":\"description\",\"size\":6}],[{\"name\":\"type\",\"size\":6},{\"name\":\"permissions\",\"size\":6}],[{\"name\":\"users\",\"size\":6}]]},\"uid\":\"plugin::users-permissions.role\"}', 'object', NULL, NULL),
(5, 'plugin_content_manager_configuration_content_types::plugin::content-releases.release', '{\"settings\":{\"bulkable\":true,\"filterable\":true,\"searchable\":true,\"pageSize\":10,\"mainField\":\"name\",\"defaultSortBy\":\"name\",\"defaultSortOrder\":\"ASC\"},\"metadatas\":{\"id\":{\"edit\":{},\"list\":{\"label\":\"id\",\"searchable\":true,\"sortable\":true}},\"name\":{\"edit\":{\"label\":\"name\",\"description\":\"\",\"placeholder\":\"\",\"visible\":true,\"editable\":true},\"list\":{\"label\":\"name\",\"searchable\":true,\"sortable\":true}},\"releasedAt\":{\"edit\":{\"label\":\"releasedAt\",\"description\":\"\",\"placeholder\":\"\",\"visible\":true,\"editable\":true},\"list\":{\"label\":\"releasedAt\",\"searchable\":true,\"sortable\":true}},\"scheduledAt\":{\"edit\":{\"label\":\"scheduledAt\",\"description\":\"\",\"placeholder\":\"\",\"visible\":true,\"editable\":true},\"list\":{\"label\":\"scheduledAt\",\"searchable\":true,\"sortable\":true}},\"timezone\":{\"edit\":{\"label\":\"timezone\",\"description\":\"\",\"placeholder\":\"\",\"visible\":true,\"editable\":true},\"list\":{\"label\":\"timezone\",\"searchable\":true,\"sortable\":true}},\"status\":{\"edit\":{\"label\":\"status\",\"description\":\"\",\"placeholder\":\"\",\"visible\":true,\"editable\":true},\"list\":{\"label\":\"status\",\"searchable\":true,\"sortable\":true}},\"actions\":{\"edit\":{\"label\":\"actions\",\"description\":\"\",\"placeholder\":\"\",\"visible\":true,\"editable\":true,\"mainField\":\"contentType\"},\"list\":{\"label\":\"actions\",\"searchable\":false,\"sortable\":false}},\"createdAt\":{\"edit\":{\"label\":\"createdAt\",\"description\":\"\",\"placeholder\":\"\",\"visible\":false,\"editable\":true},\"list\":{\"label\":\"createdAt\",\"searchable\":true,\"sortable\":true}},\"updatedAt\":{\"edit\":{\"label\":\"updatedAt\",\"description\":\"\",\"placeholder\":\"\",\"visible\":false,\"editable\":true},\"list\":{\"label\":\"updatedAt\",\"searchable\":true,\"sortable\":true}},\"createdBy\":{\"edit\":{\"label\":\"createdBy\",\"description\":\"\",\"placeholder\":\"\",\"visible\":false,\"editable\":true,\"mainField\":\"firstname\"},\"list\":{\"label\":\"createdBy\",\"searchable\":true,\"sortable\":true}},\"updatedBy\":{\"edit\":{\"label\":\"updatedBy\",\"description\":\"\",\"placeholder\":\"\",\"visible\":false,\"editable\":true,\"mainField\":\"firstname\"},\"list\":{\"label\":\"updatedBy\",\"searchable\":true,\"sortable\":true}},\"documentId\":{\"edit\":{},\"list\":{\"label\":\"documentId\",\"searchable\":true,\"sortable\":true}}},\"layouts\":{\"list\":[\"id\",\"name\",\"releasedAt\",\"scheduledAt\"],\"edit\":[[{\"name\":\"name\",\"size\":6},{\"name\":\"releasedAt\",\"size\":6}],[{\"name\":\"scheduledAt\",\"size\":6},{\"name\":\"timezone\",\"size\":6}],[{\"name\":\"status\",\"size\":6},{\"name\":\"actions\",\"size\":6}]]},\"uid\":\"plugin::content-releases.release\"}', 'object', NULL, NULL),
(6, 'plugin_content_manager_configuration_content_types::plugin::content-releases.release-action', '{\"settings\":{\"bulkable\":true,\"filterable\":true,\"searchable\":true,\"pageSize\":10,\"mainField\":\"contentType\",\"defaultSortBy\":\"contentType\",\"defaultSortOrder\":\"ASC\"},\"metadatas\":{\"id\":{\"edit\":{},\"list\":{\"label\":\"id\",\"searchable\":true,\"sortable\":true}},\"type\":{\"edit\":{\"label\":\"type\",\"description\":\"\",\"placeholder\":\"\",\"visible\":true,\"editable\":true},\"list\":{\"label\":\"type\",\"searchable\":true,\"sortable\":true}},\"contentType\":{\"edit\":{\"label\":\"contentType\",\"description\":\"\",\"placeholder\":\"\",\"visible\":true,\"editable\":true},\"list\":{\"label\":\"contentType\",\"searchable\":true,\"sortable\":true}},\"entryDocumentId\":{\"edit\":{\"label\":\"entryDocumentId\",\"description\":\"\",\"placeholder\":\"\",\"visible\":true,\"editable\":true},\"list\":{\"label\":\"entryDocumentId\",\"searchable\":true,\"sortable\":true}},\"release\":{\"edit\":{\"label\":\"release\",\"description\":\"\",\"placeholder\":\"\",\"visible\":true,\"editable\":true,\"mainField\":\"name\"},\"list\":{\"label\":\"release\",\"searchable\":true,\"sortable\":true}},\"isEntryValid\":{\"edit\":{\"label\":\"isEntryValid\",\"description\":\"\",\"placeholder\":\"\",\"visible\":true,\"editable\":true},\"list\":{\"label\":\"isEntryValid\",\"searchable\":true,\"sortable\":true}},\"createdAt\":{\"edit\":{\"label\":\"createdAt\",\"description\":\"\",\"placeholder\":\"\",\"visible\":false,\"editable\":true},\"list\":{\"label\":\"createdAt\",\"searchable\":true,\"sortable\":true}},\"updatedAt\":{\"edit\":{\"label\":\"updatedAt\",\"description\":\"\",\"placeholder\":\"\",\"visible\":false,\"editable\":true},\"list\":{\"label\":\"updatedAt\",\"searchable\":true,\"sortable\":true}},\"createdBy\":{\"edit\":{\"label\":\"createdBy\",\"description\":\"\",\"placeholder\":\"\",\"visible\":false,\"editable\":true,\"mainField\":\"firstname\"},\"list\":{\"label\":\"createdBy\",\"searchable\":true,\"sortable\":true}},\"updatedBy\":{\"edit\":{\"label\":\"updatedBy\",\"description\":\"\",\"placeholder\":\"\",\"visible\":false,\"editable\":true,\"mainField\":\"firstname\"},\"list\":{\"label\":\"updatedBy\",\"searchable\":true,\"sortable\":true}},\"documentId\":{\"edit\":{},\"list\":{\"label\":\"documentId\",\"searchable\":true,\"sortable\":true}}},\"layouts\":{\"list\":[\"id\",\"type\",\"contentType\",\"entryDocumentId\"],\"edit\":[[{\"name\":\"type\",\"size\":6},{\"name\":\"contentType\",\"size\":6}],[{\"name\":\"entryDocumentId\",\"size\":6},{\"name\":\"release\",\"size\":6}],[{\"name\":\"isEntryValid\",\"size\":4}]]},\"uid\":\"plugin::content-releases.release-action\"}', 'object', NULL, NULL),
(7, 'plugin_content_manager_configuration_content_types::plugin::review-workflows.workflow-stage', '{\"settings\":{\"bulkable\":true,\"filterable\":true,\"searchable\":true,\"pageSize\":10,\"mainField\":\"name\",\"defaultSortBy\":\"name\",\"defaultSortOrder\":\"ASC\"},\"metadatas\":{\"id\":{\"edit\":{},\"list\":{\"label\":\"id\",\"searchable\":true,\"sortable\":true}},\"name\":{\"edit\":{\"label\":\"name\",\"description\":\"\",\"placeholder\":\"\",\"visible\":true,\"editable\":true},\"list\":{\"label\":\"name\",\"searchable\":true,\"sortable\":true}},\"color\":{\"edit\":{\"label\":\"color\",\"description\":\"\",\"placeholder\":\"\",\"visible\":true,\"editable\":true},\"list\":{\"label\":\"color\",\"searchable\":true,\"sortable\":true}},\"workflow\":{\"edit\":{\"label\":\"workflow\",\"description\":\"\",\"placeholder\":\"\",\"visible\":true,\"editable\":true,\"mainField\":\"name\"},\"list\":{\"label\":\"workflow\",\"searchable\":true,\"sortable\":true}},\"permissions\":{\"edit\":{\"label\":\"permissions\",\"description\":\"\",\"placeholder\":\"\",\"visible\":true,\"editable\":true,\"mainField\":\"action\"},\"list\":{\"label\":\"permissions\",\"searchable\":false,\"sortable\":false}},\"createdAt\":{\"edit\":{\"label\":\"createdAt\",\"description\":\"\",\"placeholder\":\"\",\"visible\":false,\"editable\":true},\"list\":{\"label\":\"createdAt\",\"searchable\":true,\"sortable\":true}},\"updatedAt\":{\"edit\":{\"label\":\"updatedAt\",\"description\":\"\",\"placeholder\":\"\",\"visible\":false,\"editable\":true},\"list\":{\"label\":\"updatedAt\",\"searchable\":true,\"sortable\":true}},\"createdBy\":{\"edit\":{\"label\":\"createdBy\",\"description\":\"\",\"placeholder\":\"\",\"visible\":false,\"editable\":true,\"mainField\":\"firstname\"},\"list\":{\"label\":\"createdBy\",\"searchable\":true,\"sortable\":true}},\"updatedBy\":{\"edit\":{\"label\":\"updatedBy\",\"description\":\"\",\"placeholder\":\"\",\"visible\":false,\"editable\":true,\"mainField\":\"firstname\"},\"list\":{\"label\":\"updatedBy\",\"searchable\":true,\"sortable\":true}},\"documentId\":{\"edit\":{},\"list\":{\"label\":\"documentId\",\"searchable\":true,\"sortable\":true}}},\"layouts\":{\"list\":[\"id\",\"name\",\"color\",\"workflow\"],\"edit\":[[{\"name\":\"name\",\"size\":6},{\"name\":\"color\",\"size\":6}],[{\"name\":\"workflow\",\"size\":6},{\"name\":\"permissions\",\"size\":6}]]},\"uid\":\"plugin::review-workflows.workflow-stage\"}', 'object', NULL, NULL),
(8, 'plugin_content_manager_configuration_content_types::plugin::users-permissions.permission', '{\"settings\":{\"bulkable\":true,\"filterable\":true,\"searchable\":true,\"pageSize\":10,\"mainField\":\"action\",\"defaultSortBy\":\"action\",\"defaultSortOrder\":\"ASC\"},\"metadatas\":{\"id\":{\"edit\":{},\"list\":{\"label\":\"id\",\"searchable\":true,\"sortable\":true}},\"action\":{\"edit\":{\"label\":\"action\",\"description\":\"\",\"placeholder\":\"\",\"visible\":true,\"editable\":true},\"list\":{\"label\":\"action\",\"searchable\":true,\"sortable\":true}},\"role\":{\"edit\":{\"label\":\"role\",\"description\":\"\",\"placeholder\":\"\",\"visible\":true,\"editable\":true,\"mainField\":\"name\"},\"list\":{\"label\":\"role\",\"searchable\":true,\"sortable\":true}},\"createdAt\":{\"edit\":{\"label\":\"createdAt\",\"description\":\"\",\"placeholder\":\"\",\"visible\":false,\"editable\":true},\"list\":{\"label\":\"createdAt\",\"searchable\":true,\"sortable\":true}},\"updatedAt\":{\"edit\":{\"label\":\"updatedAt\",\"description\":\"\",\"placeholder\":\"\",\"visible\":false,\"editable\":true},\"list\":{\"label\":\"updatedAt\",\"searchable\":true,\"sortable\":true}},\"createdBy\":{\"edit\":{\"label\":\"createdBy\",\"description\":\"\",\"placeholder\":\"\",\"visible\":false,\"editable\":true,\"mainField\":\"firstname\"},\"list\":{\"label\":\"createdBy\",\"searchable\":true,\"sortable\":true}},\"updatedBy\":{\"edit\":{\"label\":\"updatedBy\",\"description\":\"\",\"placeholder\":\"\",\"visible\":false,\"editable\":true,\"mainField\":\"firstname\"},\"list\":{\"label\":\"updatedBy\",\"searchable\":true,\"sortable\":true}},\"documentId\":{\"edit\":{},\"list\":{\"label\":\"documentId\",\"searchable\":true,\"sortable\":true}}},\"layouts\":{\"list\":[\"id\",\"action\",\"role\",\"createdAt\"],\"edit\":[[{\"name\":\"action\",\"size\":6},{\"name\":\"role\",\"size\":6}]]},\"uid\":\"plugin::users-permissions.permission\"}', 'object', NULL, NULL),
(9, 'plugin_content_manager_configuration_content_types::api::student.student', '{\"settings\":{\"bulkable\":true,\"filterable\":true,\"searchable\":true,\"pageSize\":10,\"mainField\":\"student_name\",\"defaultSortBy\":\"student_name\",\"defaultSortOrder\":\"ASC\"},\"metadatas\":{\"id\":{\"edit\":{},\"list\":{\"label\":\"id\",\"searchable\":true,\"sortable\":true}},\"student_name\":{\"edit\":{\"label\":\"student_name\",\"description\":\"\",\"placeholder\":\"\",\"visible\":true,\"editable\":true},\"list\":{\"label\":\"student_name\",\"searchable\":true,\"sortable\":true}},\"nisn\":{\"edit\":{\"label\":\"nisn\",\"description\":\"\",\"placeholder\":\"\",\"visible\":true,\"editable\":true},\"list\":{\"label\":\"nisn\",\"searchable\":true,\"sortable\":true}},\"student_lessons\":{\"edit\":{\"label\":\"student_lessons\",\"description\":\"\",\"placeholder\":\"\",\"visible\":true,\"editable\":true,\"mainField\":\"documentId\"},\"list\":{\"label\":\"student_lessons\",\"searchable\":false,\"sortable\":false}},\"createdAt\":{\"edit\":{\"label\":\"createdAt\",\"description\":\"\",\"placeholder\":\"\",\"visible\":false,\"editable\":true},\"list\":{\"label\":\"createdAt\",\"searchable\":true,\"sortable\":true}},\"updatedAt\":{\"edit\":{\"label\":\"updatedAt\",\"description\":\"\",\"placeholder\":\"\",\"visible\":false,\"editable\":true},\"list\":{\"label\":\"updatedAt\",\"searchable\":true,\"sortable\":true}},\"createdBy\":{\"edit\":{\"label\":\"createdBy\",\"description\":\"\",\"placeholder\":\"\",\"visible\":false,\"editable\":true,\"mainField\":\"firstname\"},\"list\":{\"label\":\"createdBy\",\"searchable\":true,\"sortable\":true}},\"updatedBy\":{\"edit\":{\"label\":\"updatedBy\",\"description\":\"\",\"placeholder\":\"\",\"visible\":false,\"editable\":true,\"mainField\":\"firstname\"},\"list\":{\"label\":\"updatedBy\",\"searchable\":true,\"sortable\":true}},\"documentId\":{\"edit\":{},\"list\":{\"label\":\"documentId\",\"searchable\":true,\"sortable\":true}}},\"layouts\":{\"list\":[\"id\",\"student_name\",\"nisn\",\"student_lessons\"],\"edit\":[[{\"name\":\"student_name\",\"size\":6},{\"name\":\"nisn\",\"size\":6}],[{\"name\":\"student_lessons\",\"size\":6}]]},\"uid\":\"api::student.student\"}', 'object', NULL, NULL),
(10, 'plugin_content_manager_configuration_content_types::api::lesson.lesson', '{\"settings\":{\"bulkable\":true,\"filterable\":true,\"searchable\":true,\"pageSize\":10,\"mainField\":\"lesson_name\",\"defaultSortBy\":\"lesson_name\",\"defaultSortOrder\":\"ASC\"},\"metadatas\":{\"id\":{\"edit\":{},\"list\":{\"label\":\"id\",\"searchable\":true,\"sortable\":true}},\"lesson_name\":{\"edit\":{\"label\":\"lesson_name\",\"description\":\"\",\"placeholder\":\"\",\"visible\":true,\"editable\":true},\"list\":{\"label\":\"lesson_name\",\"searchable\":true,\"sortable\":true}},\"teacher\":{\"edit\":{\"label\":\"teacher\",\"description\":\"\",\"placeholder\":\"\",\"visible\":true,\"editable\":true,\"mainField\":\"teacher_name\"},\"list\":{\"label\":\"teacher\",\"searchable\":true,\"sortable\":true}},\"student_lessons\":{\"edit\":{\"label\":\"student_lessons\",\"description\":\"\",\"placeholder\":\"\",\"visible\":true,\"editable\":true,\"mainField\":\"documentId\"},\"list\":{\"label\":\"student_lessons\",\"searchable\":false,\"sortable\":false}},\"createdAt\":{\"edit\":{\"label\":\"createdAt\",\"description\":\"\",\"placeholder\":\"\",\"visible\":false,\"editable\":true},\"list\":{\"label\":\"createdAt\",\"searchable\":true,\"sortable\":true}},\"updatedAt\":{\"edit\":{\"label\":\"updatedAt\",\"description\":\"\",\"placeholder\":\"\",\"visible\":false,\"editable\":true},\"list\":{\"label\":\"updatedAt\",\"searchable\":true,\"sortable\":true}},\"createdBy\":{\"edit\":{\"label\":\"createdBy\",\"description\":\"\",\"placeholder\":\"\",\"visible\":false,\"editable\":true,\"mainField\":\"firstname\"},\"list\":{\"label\":\"createdBy\",\"searchable\":true,\"sortable\":true}},\"updatedBy\":{\"edit\":{\"label\":\"updatedBy\",\"description\":\"\",\"placeholder\":\"\",\"visible\":false,\"editable\":true,\"mainField\":\"firstname\"},\"list\":{\"label\":\"updatedBy\",\"searchable\":true,\"sortable\":true}},\"documentId\":{\"edit\":{},\"list\":{\"label\":\"documentId\",\"searchable\":true,\"sortable\":true}}},\"layouts\":{\"list\":[\"id\",\"lesson_name\",\"teacher\",\"student_lessons\"],\"edit\":[[{\"name\":\"lesson_name\",\"size\":6},{\"name\":\"teacher\",\"size\":6}],[{\"name\":\"student_lessons\",\"size\":6}]]},\"uid\":\"api::lesson.lesson\"}', 'object', NULL, NULL),
(11, 'plugin_content_manager_configuration_content_types::plugin::users-permissions.user', '{\"settings\":{\"bulkable\":true,\"filterable\":true,\"searchable\":true,\"pageSize\":10,\"mainField\":\"username\",\"defaultSortBy\":\"username\",\"defaultSortOrder\":\"ASC\"},\"metadatas\":{\"id\":{\"edit\":{},\"list\":{\"label\":\"id\",\"searchable\":true,\"sortable\":true}},\"username\":{\"edit\":{\"label\":\"username\",\"description\":\"\",\"placeholder\":\"\",\"visible\":true,\"editable\":true},\"list\":{\"label\":\"username\",\"searchable\":true,\"sortable\":true}},\"email\":{\"edit\":{\"label\":\"email\",\"description\":\"\",\"placeholder\":\"\",\"visible\":true,\"editable\":true},\"list\":{\"label\":\"email\",\"searchable\":true,\"sortable\":true}},\"provider\":{\"edit\":{\"label\":\"provider\",\"description\":\"\",\"placeholder\":\"\",\"visible\":false,\"editable\":true},\"list\":{\"label\":\"provider\",\"searchable\":true,\"sortable\":true}},\"password\":{\"edit\":{\"label\":\"password\",\"description\":\"\",\"placeholder\":\"\",\"visible\":true,\"editable\":true},\"list\":{\"label\":\"password\",\"searchable\":true,\"sortable\":true}},\"resetPasswordToken\":{\"edit\":{\"label\":\"resetPasswordToken\",\"description\":\"\",\"placeholder\":\"\",\"visible\":false,\"editable\":true},\"list\":{\"label\":\"resetPasswordToken\",\"searchable\":true,\"sortable\":true}},\"confirmationToken\":{\"edit\":{\"label\":\"confirmationToken\",\"description\":\"\",\"placeholder\":\"\",\"visible\":false,\"editable\":true},\"list\":{\"label\":\"confirmationToken\",\"searchable\":true,\"sortable\":true}},\"confirmed\":{\"edit\":{\"label\":\"confirmed\",\"description\":\"\",\"placeholder\":\"\",\"visible\":true,\"editable\":true},\"list\":{\"label\":\"confirmed\",\"searchable\":true,\"sortable\":true}},\"blocked\":{\"edit\":{\"label\":\"blocked\",\"description\":\"\",\"placeholder\":\"\",\"visible\":true,\"editable\":true},\"list\":{\"label\":\"blocked\",\"searchable\":true,\"sortable\":true}},\"role\":{\"edit\":{\"label\":\"role\",\"description\":\"\",\"placeholder\":\"\",\"visible\":true,\"editable\":true,\"mainField\":\"name\"},\"list\":{\"label\":\"role\",\"searchable\":true,\"sortable\":true}},\"createdAt\":{\"edit\":{\"label\":\"createdAt\",\"description\":\"\",\"placeholder\":\"\",\"visible\":false,\"editable\":true},\"list\":{\"label\":\"createdAt\",\"searchable\":true,\"sortable\":true}},\"updatedAt\":{\"edit\":{\"label\":\"updatedAt\",\"description\":\"\",\"placeholder\":\"\",\"visible\":false,\"editable\":true},\"list\":{\"label\":\"updatedAt\",\"searchable\":true,\"sortable\":true}},\"createdBy\":{\"edit\":{\"label\":\"createdBy\",\"description\":\"\",\"placeholder\":\"\",\"visible\":false,\"editable\":true,\"mainField\":\"firstname\"},\"list\":{\"label\":\"createdBy\",\"searchable\":true,\"sortable\":true}},\"updatedBy\":{\"edit\":{\"label\":\"updatedBy\",\"description\":\"\",\"placeholder\":\"\",\"visible\":false,\"editable\":true,\"mainField\":\"firstname\"},\"list\":{\"label\":\"updatedBy\",\"searchable\":true,\"sortable\":true}},\"documentId\":{\"edit\":{},\"list\":{\"label\":\"documentId\",\"searchable\":true,\"sortable\":true}}},\"layouts\":{\"list\":[\"id\",\"username\",\"email\",\"confirmed\"],\"edit\":[[{\"name\":\"username\",\"size\":6},{\"name\":\"email\",\"size\":6}],[{\"name\":\"password\",\"size\":6},{\"name\":\"confirmed\",\"size\":4}],[{\"name\":\"blocked\",\"size\":4},{\"name\":\"role\",\"size\":6}]]},\"uid\":\"plugin::users-permissions.user\"}', 'object', NULL, NULL),
(12, 'plugin_content_manager_configuration_content_types::admin::user', '{\"settings\":{\"bulkable\":true,\"filterable\":true,\"searchable\":true,\"pageSize\":10,\"mainField\":\"firstname\",\"defaultSortBy\":\"firstname\",\"defaultSortOrder\":\"ASC\"},\"metadatas\":{\"id\":{\"edit\":{},\"list\":{\"label\":\"id\",\"searchable\":true,\"sortable\":true}},\"firstname\":{\"edit\":{\"label\":\"firstname\",\"description\":\"\",\"placeholder\":\"\",\"visible\":true,\"editable\":true},\"list\":{\"label\":\"firstname\",\"searchable\":true,\"sortable\":true}},\"lastname\":{\"edit\":{\"label\":\"lastname\",\"description\":\"\",\"placeholder\":\"\",\"visible\":true,\"editable\":true},\"list\":{\"label\":\"lastname\",\"searchable\":true,\"sortable\":true}},\"username\":{\"edit\":{\"label\":\"username\",\"description\":\"\",\"placeholder\":\"\",\"visible\":true,\"editable\":true},\"list\":{\"label\":\"username\",\"searchable\":true,\"sortable\":true}},\"email\":{\"edit\":{\"label\":\"email\",\"description\":\"\",\"placeholder\":\"\",\"visible\":true,\"editable\":true},\"list\":{\"label\":\"email\",\"searchable\":true,\"sortable\":true}},\"password\":{\"edit\":{\"label\":\"password\",\"description\":\"\",\"placeholder\":\"\",\"visible\":true,\"editable\":true},\"list\":{\"label\":\"password\",\"searchable\":true,\"sortable\":true}},\"resetPasswordToken\":{\"edit\":{\"label\":\"resetPasswordToken\",\"description\":\"\",\"placeholder\":\"\",\"visible\":false,\"editable\":true},\"list\":{\"label\":\"resetPasswordToken\",\"searchable\":true,\"sortable\":true}},\"registrationToken\":{\"edit\":{\"label\":\"registrationToken\",\"description\":\"\",\"placeholder\":\"\",\"visible\":false,\"editable\":true},\"list\":{\"label\":\"registrationToken\",\"searchable\":true,\"sortable\":true}},\"isActive\":{\"edit\":{\"label\":\"isActive\",\"description\":\"\",\"placeholder\":\"\",\"visible\":true,\"editable\":true},\"list\":{\"label\":\"isActive\",\"searchable\":true,\"sortable\":true}},\"roles\":{\"edit\":{\"label\":\"roles\",\"description\":\"\",\"placeholder\":\"\",\"visible\":true,\"editable\":true,\"mainField\":\"name\"},\"list\":{\"label\":\"roles\",\"searchable\":false,\"sortable\":false}},\"blocked\":{\"edit\":{\"label\":\"blocked\",\"description\":\"\",\"placeholder\":\"\",\"visible\":true,\"editable\":true},\"list\":{\"label\":\"blocked\",\"searchable\":true,\"sortable\":true}},\"preferedLanguage\":{\"edit\":{\"label\":\"preferedLanguage\",\"description\":\"\",\"placeholder\":\"\",\"visible\":true,\"editable\":true},\"list\":{\"label\":\"preferedLanguage\",\"searchable\":true,\"sortable\":true}},\"createdAt\":{\"edit\":{\"label\":\"createdAt\",\"description\":\"\",\"placeholder\":\"\",\"visible\":false,\"editable\":true},\"list\":{\"label\":\"createdAt\",\"searchable\":true,\"sortable\":true}},\"updatedAt\":{\"edit\":{\"label\":\"updatedAt\",\"description\":\"\",\"placeholder\":\"\",\"visible\":false,\"editable\":true},\"list\":{\"label\":\"updatedAt\",\"searchable\":true,\"sortable\":true}},\"createdBy\":{\"edit\":{\"label\":\"createdBy\",\"description\":\"\",\"placeholder\":\"\",\"visible\":false,\"editable\":true,\"mainField\":\"firstname\"},\"list\":{\"label\":\"createdBy\",\"searchable\":true,\"sortable\":true}},\"updatedBy\":{\"edit\":{\"label\":\"updatedBy\",\"description\":\"\",\"placeholder\":\"\",\"visible\":false,\"editable\":true,\"mainField\":\"firstname\"},\"list\":{\"label\":\"updatedBy\",\"searchable\":true,\"sortable\":true}},\"documentId\":{\"edit\":{},\"list\":{\"label\":\"documentId\",\"searchable\":true,\"sortable\":true}}},\"layouts\":{\"list\":[\"id\",\"firstname\",\"lastname\",\"username\"],\"edit\":[[{\"name\":\"firstname\",\"size\":6},{\"name\":\"lastname\",\"size\":6}],[{\"name\":\"username\",\"size\":6},{\"name\":\"email\",\"size\":6}],[{\"name\":\"password\",\"size\":6},{\"name\":\"isActive\",\"size\":4}],[{\"name\":\"roles\",\"size\":6},{\"name\":\"blocked\",\"size\":4}],[{\"name\":\"preferedLanguage\",\"size\":6}]]},\"uid\":\"admin::user\"}', 'object', NULL, NULL),
(13, 'plugin_content_manager_configuration_content_types::admin::permission', '{\"settings\":{\"bulkable\":true,\"filterable\":true,\"searchable\":true,\"pageSize\":10,\"mainField\":\"action\",\"defaultSortBy\":\"action\",\"defaultSortOrder\":\"ASC\"},\"metadatas\":{\"id\":{\"edit\":{},\"list\":{\"label\":\"id\",\"searchable\":true,\"sortable\":true}},\"action\":{\"edit\":{\"label\":\"action\",\"description\":\"\",\"placeholder\":\"\",\"visible\":true,\"editable\":true},\"list\":{\"label\":\"action\",\"searchable\":true,\"sortable\":true}},\"actionParameters\":{\"edit\":{\"label\":\"actionParameters\",\"description\":\"\",\"placeholder\":\"\",\"visible\":true,\"editable\":true},\"list\":{\"label\":\"actionParameters\",\"searchable\":false,\"sortable\":false}},\"subject\":{\"edit\":{\"label\":\"subject\",\"description\":\"\",\"placeholder\":\"\",\"visible\":true,\"editable\":true},\"list\":{\"label\":\"subject\",\"searchable\":true,\"sortable\":true}},\"properties\":{\"edit\":{\"label\":\"properties\",\"description\":\"\",\"placeholder\":\"\",\"visible\":true,\"editable\":true},\"list\":{\"label\":\"properties\",\"searchable\":false,\"sortable\":false}},\"conditions\":{\"edit\":{\"label\":\"conditions\",\"description\":\"\",\"placeholder\":\"\",\"visible\":true,\"editable\":true},\"list\":{\"label\":\"conditions\",\"searchable\":false,\"sortable\":false}},\"role\":{\"edit\":{\"label\":\"role\",\"description\":\"\",\"placeholder\":\"\",\"visible\":true,\"editable\":true,\"mainField\":\"name\"},\"list\":{\"label\":\"role\",\"searchable\":true,\"sortable\":true}},\"createdAt\":{\"edit\":{\"label\":\"createdAt\",\"description\":\"\",\"placeholder\":\"\",\"visible\":false,\"editable\":true},\"list\":{\"label\":\"createdAt\",\"searchable\":true,\"sortable\":true}},\"updatedAt\":{\"edit\":{\"label\":\"updatedAt\",\"description\":\"\",\"placeholder\":\"\",\"visible\":false,\"editable\":true},\"list\":{\"label\":\"updatedAt\",\"searchable\":true,\"sortable\":true}},\"createdBy\":{\"edit\":{\"label\":\"createdBy\",\"description\":\"\",\"placeholder\":\"\",\"visible\":false,\"editable\":true,\"mainField\":\"firstname\"},\"list\":{\"label\":\"createdBy\",\"searchable\":true,\"sortable\":true}},\"updatedBy\":{\"edit\":{\"label\":\"updatedBy\",\"description\":\"\",\"placeholder\":\"\",\"visible\":false,\"editable\":true,\"mainField\":\"firstname\"},\"list\":{\"label\":\"updatedBy\",\"searchable\":true,\"sortable\":true}},\"documentId\":{\"edit\":{},\"list\":{\"label\":\"documentId\",\"searchable\":true,\"sortable\":true}}},\"layouts\":{\"list\":[\"id\",\"action\",\"subject\",\"role\"],\"edit\":[[{\"name\":\"action\",\"size\":6}],[{\"name\":\"actionParameters\",\"size\":12}],[{\"name\":\"subject\",\"size\":6}],[{\"name\":\"properties\",\"size\":12}],[{\"name\":\"conditions\",\"size\":12}],[{\"name\":\"role\",\"size\":6}]]},\"uid\":\"admin::permission\"}', 'object', NULL, NULL),
(14, 'plugin_content_manager_configuration_content_types::admin::transfer-token-permission', '{\"settings\":{\"bulkable\":true,\"filterable\":true,\"searchable\":true,\"pageSize\":10,\"mainField\":\"action\",\"defaultSortBy\":\"action\",\"defaultSortOrder\":\"ASC\"},\"metadatas\":{\"id\":{\"edit\":{},\"list\":{\"label\":\"id\",\"searchable\":true,\"sortable\":true}},\"action\":{\"edit\":{\"label\":\"action\",\"description\":\"\",\"placeholder\":\"\",\"visible\":true,\"editable\":true},\"list\":{\"label\":\"action\",\"searchable\":true,\"sortable\":true}},\"token\":{\"edit\":{\"label\":\"token\",\"description\":\"\",\"placeholder\":\"\",\"visible\":true,\"editable\":true,\"mainField\":\"name\"},\"list\":{\"label\":\"token\",\"searchable\":true,\"sortable\":true}},\"createdAt\":{\"edit\":{\"label\":\"createdAt\",\"description\":\"\",\"placeholder\":\"\",\"visible\":false,\"editable\":true},\"list\":{\"label\":\"createdAt\",\"searchable\":true,\"sortable\":true}},\"updatedAt\":{\"edit\":{\"label\":\"updatedAt\",\"description\":\"\",\"placeholder\":\"\",\"visible\":false,\"editable\":true},\"list\":{\"label\":\"updatedAt\",\"searchable\":true,\"sortable\":true}},\"createdBy\":{\"edit\":{\"label\":\"createdBy\",\"description\":\"\",\"placeholder\":\"\",\"visible\":false,\"editable\":true,\"mainField\":\"firstname\"},\"list\":{\"label\":\"createdBy\",\"searchable\":true,\"sortable\":true}},\"updatedBy\":{\"edit\":{\"label\":\"updatedBy\",\"description\":\"\",\"placeholder\":\"\",\"visible\":false,\"editable\":true,\"mainField\":\"firstname\"},\"list\":{\"label\":\"updatedBy\",\"searchable\":true,\"sortable\":true}},\"documentId\":{\"edit\":{},\"list\":{\"label\":\"documentId\",\"searchable\":true,\"sortable\":true}}},\"layouts\":{\"list\":[\"id\",\"action\",\"token\",\"createdAt\"],\"edit\":[[{\"name\":\"action\",\"size\":6},{\"name\":\"token\",\"size\":6}]]},\"uid\":\"admin::transfer-token-permission\"}', 'object', NULL, NULL),
(15, 'plugin_content_manager_configuration_content_types::plugin::upload.file', '{\"settings\":{\"bulkable\":true,\"filterable\":true,\"searchable\":true,\"pageSize\":10,\"mainField\":\"name\",\"defaultSortBy\":\"name\",\"defaultSortOrder\":\"ASC\"},\"metadatas\":{\"id\":{\"edit\":{},\"list\":{\"label\":\"id\",\"searchable\":true,\"sortable\":true}},\"name\":{\"edit\":{\"label\":\"name\",\"description\":\"\",\"placeholder\":\"\",\"visible\":true,\"editable\":true},\"list\":{\"label\":\"name\",\"searchable\":true,\"sortable\":true}},\"alternativeText\":{\"edit\":{\"label\":\"alternativeText\",\"description\":\"\",\"placeholder\":\"\",\"visible\":true,\"editable\":true},\"list\":{\"label\":\"alternativeText\",\"searchable\":true,\"sortable\":true}},\"caption\":{\"edit\":{\"label\":\"caption\",\"description\":\"\",\"placeholder\":\"\",\"visible\":true,\"editable\":true},\"list\":{\"label\":\"caption\",\"searchable\":true,\"sortable\":true}},\"width\":{\"edit\":{\"label\":\"width\",\"description\":\"\",\"placeholder\":\"\",\"visible\":true,\"editable\":true},\"list\":{\"label\":\"width\",\"searchable\":true,\"sortable\":true}},\"height\":{\"edit\":{\"label\":\"height\",\"description\":\"\",\"placeholder\":\"\",\"visible\":true,\"editable\":true},\"list\":{\"label\":\"height\",\"searchable\":true,\"sortable\":true}},\"formats\":{\"edit\":{\"label\":\"formats\",\"description\":\"\",\"placeholder\":\"\",\"visible\":true,\"editable\":true},\"list\":{\"label\":\"formats\",\"searchable\":false,\"sortable\":false}},\"hash\":{\"edit\":{\"label\":\"hash\",\"description\":\"\",\"placeholder\":\"\",\"visible\":true,\"editable\":true},\"list\":{\"label\":\"hash\",\"searchable\":true,\"sortable\":true}},\"ext\":{\"edit\":{\"label\":\"ext\",\"description\":\"\",\"placeholder\":\"\",\"visible\":true,\"editable\":true},\"list\":{\"label\":\"ext\",\"searchable\":true,\"sortable\":true}},\"mime\":{\"edit\":{\"label\":\"mime\",\"description\":\"\",\"placeholder\":\"\",\"visible\":true,\"editable\":true},\"list\":{\"label\":\"mime\",\"searchable\":true,\"sortable\":true}},\"size\":{\"edit\":{\"label\":\"size\",\"description\":\"\",\"placeholder\":\"\",\"visible\":true,\"editable\":true},\"list\":{\"label\":\"size\",\"searchable\":true,\"sortable\":true}},\"url\":{\"edit\":{\"label\":\"url\",\"description\":\"\",\"placeholder\":\"\",\"visible\":true,\"editable\":true},\"list\":{\"label\":\"url\",\"searchable\":true,\"sortable\":true}},\"previewUrl\":{\"edit\":{\"label\":\"previewUrl\",\"description\":\"\",\"placeholder\":\"\",\"visible\":true,\"editable\":true},\"list\":{\"label\":\"previewUrl\",\"searchable\":true,\"sortable\":true}},\"provider\":{\"edit\":{\"label\":\"provider\",\"description\":\"\",\"placeholder\":\"\",\"visible\":true,\"editable\":true},\"list\":{\"label\":\"provider\",\"searchable\":true,\"sortable\":true}},\"provider_metadata\":{\"edit\":{\"label\":\"provider_metadata\",\"description\":\"\",\"placeholder\":\"\",\"visible\":true,\"editable\":true},\"list\":{\"label\":\"provider_metadata\",\"searchable\":false,\"sortable\":false}},\"folder\":{\"edit\":{\"label\":\"folder\",\"description\":\"\",\"placeholder\":\"\",\"visible\":true,\"editable\":true,\"mainField\":\"name\"},\"list\":{\"label\":\"folder\",\"searchable\":true,\"sortable\":true}},\"folderPath\":{\"edit\":{\"label\":\"folderPath\",\"description\":\"\",\"placeholder\":\"\",\"visible\":true,\"editable\":true},\"list\":{\"label\":\"folderPath\",\"searchable\":true,\"sortable\":true}},\"createdAt\":{\"edit\":{\"label\":\"createdAt\",\"description\":\"\",\"placeholder\":\"\",\"visible\":false,\"editable\":true},\"list\":{\"label\":\"createdAt\",\"searchable\":true,\"sortable\":true}},\"updatedAt\":{\"edit\":{\"label\":\"updatedAt\",\"description\":\"\",\"placeholder\":\"\",\"visible\":false,\"editable\":true},\"list\":{\"label\":\"updatedAt\",\"searchable\":true,\"sortable\":true}},\"createdBy\":{\"edit\":{\"label\":\"createdBy\",\"description\":\"\",\"placeholder\":\"\",\"visible\":false,\"editable\":true,\"mainField\":\"firstname\"},\"list\":{\"label\":\"createdBy\",\"searchable\":true,\"sortable\":true}},\"updatedBy\":{\"edit\":{\"label\":\"updatedBy\",\"description\":\"\",\"placeholder\":\"\",\"visible\":false,\"editable\":true,\"mainField\":\"firstname\"},\"list\":{\"label\":\"updatedBy\",\"searchable\":true,\"sortable\":true}},\"documentId\":{\"edit\":{},\"list\":{\"label\":\"documentId\",\"searchable\":true,\"sortable\":true}}},\"layouts\":{\"list\":[\"id\",\"name\",\"alternativeText\",\"caption\"],\"edit\":[[{\"name\":\"name\",\"size\":6},{\"name\":\"alternativeText\",\"size\":6}],[{\"name\":\"caption\",\"size\":6},{\"name\":\"width\",\"size\":4}],[{\"name\":\"height\",\"size\":4}],[{\"name\":\"formats\",\"size\":12}],[{\"name\":\"hash\",\"size\":6},{\"name\":\"ext\",\"size\":6}],[{\"name\":\"mime\",\"size\":6},{\"name\":\"size\",\"size\":4}],[{\"name\":\"url\",\"size\":6},{\"name\":\"previewUrl\",\"size\":6}],[{\"name\":\"provider\",\"size\":6}],[{\"name\":\"provider_metadata\",\"size\":12}],[{\"name\":\"folder\",\"size\":6},{\"name\":\"folderPath\",\"size\":6}]]},\"uid\":\"plugin::upload.file\"}', 'object', NULL, NULL),
(16, 'plugin_content_manager_configuration_content_types::admin::role', '{\"settings\":{\"bulkable\":true,\"filterable\":true,\"searchable\":true,\"pageSize\":10,\"mainField\":\"name\",\"defaultSortBy\":\"name\",\"defaultSortOrder\":\"ASC\"},\"metadatas\":{\"id\":{\"edit\":{},\"list\":{\"label\":\"id\",\"searchable\":true,\"sortable\":true}},\"name\":{\"edit\":{\"label\":\"name\",\"description\":\"\",\"placeholder\":\"\",\"visible\":true,\"editable\":true},\"list\":{\"label\":\"name\",\"searchable\":true,\"sortable\":true}},\"code\":{\"edit\":{\"label\":\"code\",\"description\":\"\",\"placeholder\":\"\",\"visible\":true,\"editable\":true},\"list\":{\"label\":\"code\",\"searchable\":true,\"sortable\":true}},\"description\":{\"edit\":{\"label\":\"description\",\"description\":\"\",\"placeholder\":\"\",\"visible\":true,\"editable\":true},\"list\":{\"label\":\"description\",\"searchable\":true,\"sortable\":true}},\"users\":{\"edit\":{\"label\":\"users\",\"description\":\"\",\"placeholder\":\"\",\"visible\":true,\"editable\":true,\"mainField\":\"firstname\"},\"list\":{\"label\":\"users\",\"searchable\":false,\"sortable\":false}},\"permissions\":{\"edit\":{\"label\":\"permissions\",\"description\":\"\",\"placeholder\":\"\",\"visible\":true,\"editable\":true,\"mainField\":\"action\"},\"list\":{\"label\":\"permissions\",\"searchable\":false,\"sortable\":false}},\"createdAt\":{\"edit\":{\"label\":\"createdAt\",\"description\":\"\",\"placeholder\":\"\",\"visible\":false,\"editable\":true},\"list\":{\"label\":\"createdAt\",\"searchable\":true,\"sortable\":true}},\"updatedAt\":{\"edit\":{\"label\":\"updatedAt\",\"description\":\"\",\"placeholder\":\"\",\"visible\":false,\"editable\":true},\"list\":{\"label\":\"updatedAt\",\"searchable\":true,\"sortable\":true}},\"createdBy\":{\"edit\":{\"label\":\"createdBy\",\"description\":\"\",\"placeholder\":\"\",\"visible\":false,\"editable\":true,\"mainField\":\"firstname\"},\"list\":{\"label\":\"createdBy\",\"searchable\":true,\"sortable\":true}},\"updatedBy\":{\"edit\":{\"label\":\"updatedBy\",\"description\":\"\",\"placeholder\":\"\",\"visible\":false,\"editable\":true,\"mainField\":\"firstname\"},\"list\":{\"label\":\"updatedBy\",\"searchable\":true,\"sortable\":true}},\"documentId\":{\"edit\":{},\"list\":{\"label\":\"documentId\",\"searchable\":true,\"sortable\":true}}},\"layouts\":{\"list\":[\"id\",\"name\",\"code\",\"description\"],\"edit\":[[{\"name\":\"name\",\"size\":6},{\"name\":\"code\",\"size\":6}],[{\"name\":\"description\",\"size\":6},{\"name\":\"users\",\"size\":6}],[{\"name\":\"permissions\",\"size\":6}]]},\"uid\":\"admin::role\"}', 'object', NULL, NULL),
(17, 'plugin_content_manager_configuration_content_types::admin::transfer-token', '{\"settings\":{\"bulkable\":true,\"filterable\":true,\"searchable\":true,\"pageSize\":10,\"mainField\":\"name\",\"defaultSortBy\":\"name\",\"defaultSortOrder\":\"ASC\"},\"metadatas\":{\"id\":{\"edit\":{},\"list\":{\"label\":\"id\",\"searchable\":true,\"sortable\":true}},\"name\":{\"edit\":{\"label\":\"name\",\"description\":\"\",\"placeholder\":\"\",\"visible\":true,\"editable\":true},\"list\":{\"label\":\"name\",\"searchable\":true,\"sortable\":true}},\"description\":{\"edit\":{\"label\":\"description\",\"description\":\"\",\"placeholder\":\"\",\"visible\":true,\"editable\":true},\"list\":{\"label\":\"description\",\"searchable\":true,\"sortable\":true}},\"accessKey\":{\"edit\":{\"label\":\"accessKey\",\"description\":\"\",\"placeholder\":\"\",\"visible\":true,\"editable\":true},\"list\":{\"label\":\"accessKey\",\"searchable\":true,\"sortable\":true}},\"lastUsedAt\":{\"edit\":{\"label\":\"lastUsedAt\",\"description\":\"\",\"placeholder\":\"\",\"visible\":true,\"editable\":true},\"list\":{\"label\":\"lastUsedAt\",\"searchable\":true,\"sortable\":true}},\"permissions\":{\"edit\":{\"label\":\"permissions\",\"description\":\"\",\"placeholder\":\"\",\"visible\":true,\"editable\":true,\"mainField\":\"action\"},\"list\":{\"label\":\"permissions\",\"searchable\":false,\"sortable\":false}},\"expiresAt\":{\"edit\":{\"label\":\"expiresAt\",\"description\":\"\",\"placeholder\":\"\",\"visible\":true,\"editable\":true},\"list\":{\"label\":\"expiresAt\",\"searchable\":true,\"sortable\":true}},\"lifespan\":{\"edit\":{\"label\":\"lifespan\",\"description\":\"\",\"placeholder\":\"\",\"visible\":true,\"editable\":true},\"list\":{\"label\":\"lifespan\",\"searchable\":true,\"sortable\":true}},\"createdAt\":{\"edit\":{\"label\":\"createdAt\",\"description\":\"\",\"placeholder\":\"\",\"visible\":false,\"editable\":true},\"list\":{\"label\":\"createdAt\",\"searchable\":true,\"sortable\":true}},\"updatedAt\":{\"edit\":{\"label\":\"updatedAt\",\"description\":\"\",\"placeholder\":\"\",\"visible\":false,\"editable\":true},\"list\":{\"label\":\"updatedAt\",\"searchable\":true,\"sortable\":true}},\"createdBy\":{\"edit\":{\"label\":\"createdBy\",\"description\":\"\",\"placeholder\":\"\",\"visible\":false,\"editable\":true,\"mainField\":\"firstname\"},\"list\":{\"label\":\"createdBy\",\"searchable\":true,\"sortable\":true}},\"updatedBy\":{\"edit\":{\"label\":\"updatedBy\",\"description\":\"\",\"placeholder\":\"\",\"visible\":false,\"editable\":true,\"mainField\":\"firstname\"},\"list\":{\"label\":\"updatedBy\",\"searchable\":true,\"sortable\":true}},\"documentId\":{\"edit\":{},\"list\":{\"label\":\"documentId\",\"searchable\":true,\"sortable\":true}}},\"layouts\":{\"list\":[\"id\",\"name\",\"description\",\"accessKey\"],\"edit\":[[{\"name\":\"name\",\"size\":6},{\"name\":\"description\",\"size\":6}],[{\"name\":\"accessKey\",\"size\":6},{\"name\":\"lastUsedAt\",\"size\":6}],[{\"name\":\"permissions\",\"size\":6},{\"name\":\"expiresAt\",\"size\":6}],[{\"name\":\"lifespan\",\"size\":4}]]},\"uid\":\"admin::transfer-token\"}', 'object', NULL, NULL),
(18, 'plugin_content_manager_configuration_content_types::api::student-lesson.student-lesson', '{\"settings\":{\"bulkable\":true,\"filterable\":true,\"searchable\":true,\"pageSize\":10,\"mainField\":\"documentId\",\"defaultSortBy\":\"documentId\",\"defaultSortOrder\":\"ASC\"},\"metadatas\":{\"id\":{\"edit\":{},\"list\":{\"label\":\"id\",\"searchable\":true,\"sortable\":true}},\"students\":{\"edit\":{\"label\":\"students\",\"description\":\"\",\"placeholder\":\"\",\"visible\":true,\"editable\":true,\"mainField\":\"student_name\"},\"list\":{\"label\":\"students\",\"searchable\":false,\"sortable\":false}},\"lessons\":{\"edit\":{\"label\":\"lessons\",\"description\":\"\",\"placeholder\":\"\",\"visible\":true,\"editable\":true,\"mainField\":\"lesson_name\"},\"list\":{\"label\":\"lessons\",\"searchable\":false,\"sortable\":false}},\"createdAt\":{\"edit\":{\"label\":\"createdAt\",\"description\":\"\",\"placeholder\":\"\",\"visible\":false,\"editable\":true},\"list\":{\"label\":\"createdAt\",\"searchable\":true,\"sortable\":true}},\"updatedAt\":{\"edit\":{\"label\":\"updatedAt\",\"description\":\"\",\"placeholder\":\"\",\"visible\":false,\"editable\":true},\"list\":{\"label\":\"updatedAt\",\"searchable\":true,\"sortable\":true}},\"createdBy\":{\"edit\":{\"label\":\"createdBy\",\"description\":\"\",\"placeholder\":\"\",\"visible\":false,\"editable\":true,\"mainField\":\"firstname\"},\"list\":{\"label\":\"createdBy\",\"searchable\":true,\"sortable\":true}},\"updatedBy\":{\"edit\":{\"label\":\"updatedBy\",\"description\":\"\",\"placeholder\":\"\",\"visible\":false,\"editable\":true,\"mainField\":\"firstname\"},\"list\":{\"label\":\"updatedBy\",\"searchable\":true,\"sortable\":true}},\"documentId\":{\"edit\":{},\"list\":{\"label\":\"documentId\",\"searchable\":true,\"sortable\":true}}},\"layouts\":{\"list\":[\"id\",\"students\",\"lessons\",\"createdAt\"],\"edit\":[[{\"name\":\"students\",\"size\":6},{\"name\":\"lessons\",\"size\":6}]]},\"uid\":\"api::student-lesson.student-lesson\"}', 'object', NULL, NULL);
INSERT INTO `strapi_core_store_settings` (`id`, `key`, `value`, `type`, `environment`, `tag`) VALUES
(19, 'plugin_content_manager_configuration_content_types::admin::api-token', '{\"settings\":{\"bulkable\":true,\"filterable\":true,\"searchable\":true,\"pageSize\":10,\"mainField\":\"name\",\"defaultSortBy\":\"name\",\"defaultSortOrder\":\"ASC\"},\"metadatas\":{\"id\":{\"edit\":{},\"list\":{\"label\":\"id\",\"searchable\":true,\"sortable\":true}},\"name\":{\"edit\":{\"label\":\"name\",\"description\":\"\",\"placeholder\":\"\",\"visible\":true,\"editable\":true},\"list\":{\"label\":\"name\",\"searchable\":true,\"sortable\":true}},\"description\":{\"edit\":{\"label\":\"description\",\"description\":\"\",\"placeholder\":\"\",\"visible\":true,\"editable\":true},\"list\":{\"label\":\"description\",\"searchable\":true,\"sortable\":true}},\"type\":{\"edit\":{\"label\":\"type\",\"description\":\"\",\"placeholder\":\"\",\"visible\":true,\"editable\":true},\"list\":{\"label\":\"type\",\"searchable\":true,\"sortable\":true}},\"accessKey\":{\"edit\":{\"label\":\"accessKey\",\"description\":\"\",\"placeholder\":\"\",\"visible\":true,\"editable\":true},\"list\":{\"label\":\"accessKey\",\"searchable\":true,\"sortable\":true}},\"encryptedKey\":{\"edit\":{\"label\":\"encryptedKey\",\"description\":\"\",\"placeholder\":\"\",\"visible\":true,\"editable\":true},\"list\":{\"label\":\"encryptedKey\",\"searchable\":true,\"sortable\":true}},\"lastUsedAt\":{\"edit\":{\"label\":\"lastUsedAt\",\"description\":\"\",\"placeholder\":\"\",\"visible\":true,\"editable\":true},\"list\":{\"label\":\"lastUsedAt\",\"searchable\":true,\"sortable\":true}},\"permissions\":{\"edit\":{\"label\":\"permissions\",\"description\":\"\",\"placeholder\":\"\",\"visible\":true,\"editable\":true,\"mainField\":\"action\"},\"list\":{\"label\":\"permissions\",\"searchable\":false,\"sortable\":false}},\"expiresAt\":{\"edit\":{\"label\":\"expiresAt\",\"description\":\"\",\"placeholder\":\"\",\"visible\":true,\"editable\":true},\"list\":{\"label\":\"expiresAt\",\"searchable\":true,\"sortable\":true}},\"lifespan\":{\"edit\":{\"label\":\"lifespan\",\"description\":\"\",\"placeholder\":\"\",\"visible\":true,\"editable\":true},\"list\":{\"label\":\"lifespan\",\"searchable\":true,\"sortable\":true}},\"createdAt\":{\"edit\":{\"label\":\"createdAt\",\"description\":\"\",\"placeholder\":\"\",\"visible\":false,\"editable\":true},\"list\":{\"label\":\"createdAt\",\"searchable\":true,\"sortable\":true}},\"updatedAt\":{\"edit\":{\"label\":\"updatedAt\",\"description\":\"\",\"placeholder\":\"\",\"visible\":false,\"editable\":true},\"list\":{\"label\":\"updatedAt\",\"searchable\":true,\"sortable\":true}},\"createdBy\":{\"edit\":{\"label\":\"createdBy\",\"description\":\"\",\"placeholder\":\"\",\"visible\":false,\"editable\":true,\"mainField\":\"firstname\"},\"list\":{\"label\":\"createdBy\",\"searchable\":true,\"sortable\":true}},\"updatedBy\":{\"edit\":{\"label\":\"updatedBy\",\"description\":\"\",\"placeholder\":\"\",\"visible\":false,\"editable\":true,\"mainField\":\"firstname\"},\"list\":{\"label\":\"updatedBy\",\"searchable\":true,\"sortable\":true}},\"documentId\":{\"edit\":{},\"list\":{\"label\":\"documentId\",\"searchable\":true,\"sortable\":true}}},\"layouts\":{\"list\":[\"id\",\"name\",\"description\",\"type\"],\"edit\":[[{\"name\":\"name\",\"size\":6},{\"name\":\"description\",\"size\":6}],[{\"name\":\"type\",\"size\":6},{\"name\":\"accessKey\",\"size\":6}],[{\"name\":\"encryptedKey\",\"size\":6},{\"name\":\"lastUsedAt\",\"size\":6}],[{\"name\":\"permissions\",\"size\":6},{\"name\":\"expiresAt\",\"size\":6}],[{\"name\":\"lifespan\",\"size\":4}]]},\"uid\":\"admin::api-token\"}', 'object', NULL, NULL),
(20, 'plugin_content_manager_configuration_content_types::api::teacher.teacher', '{\"settings\":{\"bulkable\":true,\"filterable\":true,\"searchable\":true,\"pageSize\":10,\"mainField\":\"teacher_name\",\"defaultSortBy\":\"teacher_name\",\"defaultSortOrder\":\"ASC\"},\"metadatas\":{\"id\":{\"edit\":{},\"list\":{\"label\":\"id\",\"searchable\":true,\"sortable\":true}},\"teacher_name\":{\"edit\":{\"label\":\"teacher_name\",\"description\":\"\",\"placeholder\":\"\",\"visible\":true,\"editable\":true},\"list\":{\"label\":\"teacher_name\",\"searchable\":true,\"sortable\":true}},\"lessons\":{\"edit\":{\"label\":\"lessons\",\"description\":\"\",\"placeholder\":\"\",\"visible\":true,\"editable\":true,\"mainField\":\"lesson_name\"},\"list\":{\"label\":\"lessons\",\"searchable\":false,\"sortable\":false}},\"createdAt\":{\"edit\":{\"label\":\"createdAt\",\"description\":\"\",\"placeholder\":\"\",\"visible\":false,\"editable\":true},\"list\":{\"label\":\"createdAt\",\"searchable\":true,\"sortable\":true}},\"updatedAt\":{\"edit\":{\"label\":\"updatedAt\",\"description\":\"\",\"placeholder\":\"\",\"visible\":false,\"editable\":true},\"list\":{\"label\":\"updatedAt\",\"searchable\":true,\"sortable\":true}},\"createdBy\":{\"edit\":{\"label\":\"createdBy\",\"description\":\"\",\"placeholder\":\"\",\"visible\":false,\"editable\":true,\"mainField\":\"firstname\"},\"list\":{\"label\":\"createdBy\",\"searchable\":true,\"sortable\":true}},\"updatedBy\":{\"edit\":{\"label\":\"updatedBy\",\"description\":\"\",\"placeholder\":\"\",\"visible\":false,\"editable\":true,\"mainField\":\"firstname\"},\"list\":{\"label\":\"updatedBy\",\"searchable\":true,\"sortable\":true}},\"documentId\":{\"edit\":{},\"list\":{\"label\":\"documentId\",\"searchable\":true,\"sortable\":true}}},\"layouts\":{\"list\":[\"id\",\"teacher_name\",\"lessons\",\"createdAt\"],\"edit\":[[{\"name\":\"teacher_name\",\"size\":6},{\"name\":\"lessons\",\"size\":6}]]},\"uid\":\"api::teacher.teacher\"}', 'object', NULL, NULL),
(21, 'plugin_content_manager_configuration_content_types::admin::api-token-permission', '{\"settings\":{\"bulkable\":true,\"filterable\":true,\"searchable\":true,\"pageSize\":10,\"mainField\":\"action\",\"defaultSortBy\":\"action\",\"defaultSortOrder\":\"ASC\"},\"metadatas\":{\"id\":{\"edit\":{},\"list\":{\"label\":\"id\",\"searchable\":true,\"sortable\":true}},\"action\":{\"edit\":{\"label\":\"action\",\"description\":\"\",\"placeholder\":\"\",\"visible\":true,\"editable\":true},\"list\":{\"label\":\"action\",\"searchable\":true,\"sortable\":true}},\"token\":{\"edit\":{\"label\":\"token\",\"description\":\"\",\"placeholder\":\"\",\"visible\":true,\"editable\":true,\"mainField\":\"name\"},\"list\":{\"label\":\"token\",\"searchable\":true,\"sortable\":true}},\"createdAt\":{\"edit\":{\"label\":\"createdAt\",\"description\":\"\",\"placeholder\":\"\",\"visible\":false,\"editable\":true},\"list\":{\"label\":\"createdAt\",\"searchable\":true,\"sortable\":true}},\"updatedAt\":{\"edit\":{\"label\":\"updatedAt\",\"description\":\"\",\"placeholder\":\"\",\"visible\":false,\"editable\":true},\"list\":{\"label\":\"updatedAt\",\"searchable\":true,\"sortable\":true}},\"createdBy\":{\"edit\":{\"label\":\"createdBy\",\"description\":\"\",\"placeholder\":\"\",\"visible\":false,\"editable\":true,\"mainField\":\"firstname\"},\"list\":{\"label\":\"createdBy\",\"searchable\":true,\"sortable\":true}},\"updatedBy\":{\"edit\":{\"label\":\"updatedBy\",\"description\":\"\",\"placeholder\":\"\",\"visible\":false,\"editable\":true,\"mainField\":\"firstname\"},\"list\":{\"label\":\"updatedBy\",\"searchable\":true,\"sortable\":true}},\"documentId\":{\"edit\":{},\"list\":{\"label\":\"documentId\",\"searchable\":true,\"sortable\":true}}},\"layouts\":{\"list\":[\"id\",\"action\",\"token\",\"createdAt\"],\"edit\":[[{\"name\":\"action\",\"size\":6},{\"name\":\"token\",\"size\":6}]]},\"uid\":\"admin::api-token-permission\"}', 'object', NULL, NULL),
(22, 'plugin_content_manager_configuration_content_types::plugin::upload.folder', '{\"settings\":{\"bulkable\":true,\"filterable\":true,\"searchable\":true,\"pageSize\":10,\"mainField\":\"name\",\"defaultSortBy\":\"name\",\"defaultSortOrder\":\"ASC\"},\"metadatas\":{\"id\":{\"edit\":{},\"list\":{\"label\":\"id\",\"searchable\":true,\"sortable\":true}},\"name\":{\"edit\":{\"label\":\"name\",\"description\":\"\",\"placeholder\":\"\",\"visible\":true,\"editable\":true},\"list\":{\"label\":\"name\",\"searchable\":true,\"sortable\":true}},\"pathId\":{\"edit\":{\"label\":\"pathId\",\"description\":\"\",\"placeholder\":\"\",\"visible\":true,\"editable\":true},\"list\":{\"label\":\"pathId\",\"searchable\":true,\"sortable\":true}},\"parent\":{\"edit\":{\"label\":\"parent\",\"description\":\"\",\"placeholder\":\"\",\"visible\":true,\"editable\":true,\"mainField\":\"name\"},\"list\":{\"label\":\"parent\",\"searchable\":true,\"sortable\":true}},\"children\":{\"edit\":{\"label\":\"children\",\"description\":\"\",\"placeholder\":\"\",\"visible\":true,\"editable\":true,\"mainField\":\"name\"},\"list\":{\"label\":\"children\",\"searchable\":false,\"sortable\":false}},\"files\":{\"edit\":{\"label\":\"files\",\"description\":\"\",\"placeholder\":\"\",\"visible\":true,\"editable\":true,\"mainField\":\"name\"},\"list\":{\"label\":\"files\",\"searchable\":false,\"sortable\":false}},\"path\":{\"edit\":{\"label\":\"path\",\"description\":\"\",\"placeholder\":\"\",\"visible\":true,\"editable\":true},\"list\":{\"label\":\"path\",\"searchable\":true,\"sortable\":true}},\"createdAt\":{\"edit\":{\"label\":\"createdAt\",\"description\":\"\",\"placeholder\":\"\",\"visible\":false,\"editable\":true},\"list\":{\"label\":\"createdAt\",\"searchable\":true,\"sortable\":true}},\"updatedAt\":{\"edit\":{\"label\":\"updatedAt\",\"description\":\"\",\"placeholder\":\"\",\"visible\":false,\"editable\":true},\"list\":{\"label\":\"updatedAt\",\"searchable\":true,\"sortable\":true}},\"createdBy\":{\"edit\":{\"label\":\"createdBy\",\"description\":\"\",\"placeholder\":\"\",\"visible\":false,\"editable\":true,\"mainField\":\"firstname\"},\"list\":{\"label\":\"createdBy\",\"searchable\":true,\"sortable\":true}},\"updatedBy\":{\"edit\":{\"label\":\"updatedBy\",\"description\":\"\",\"placeholder\":\"\",\"visible\":false,\"editable\":true,\"mainField\":\"firstname\"},\"list\":{\"label\":\"updatedBy\",\"searchable\":true,\"sortable\":true}},\"documentId\":{\"edit\":{},\"list\":{\"label\":\"documentId\",\"searchable\":true,\"sortable\":true}}},\"layouts\":{\"list\":[\"id\",\"name\",\"pathId\",\"parent\"],\"edit\":[[{\"name\":\"name\",\"size\":6},{\"name\":\"pathId\",\"size\":4}],[{\"name\":\"parent\",\"size\":6},{\"name\":\"children\",\"size\":6}],[{\"name\":\"files\",\"size\":6},{\"name\":\"path\",\"size\":6}]]},\"uid\":\"plugin::upload.folder\"}', 'object', NULL, NULL),
(23, 'plugin_upload_settings', '{\"sizeOptimization\":true,\"responsiveDimensions\":true,\"autoOrientation\":false}', 'object', NULL, NULL),
(24, 'plugin_upload_view_configuration', '{\"pageSize\":10,\"sort\":\"createdAt:DESC\"}', 'object', NULL, NULL),
(25, 'plugin_upload_metrics', '{\"weeklySchedule\":\"11 35 17 * * 2\",\"lastWeeklyUpdate\":1764671711031}', 'object', NULL, NULL),
(26, 'plugin_i18n_default_locale', '\"en\"', 'string', NULL, NULL),
(27, 'plugin_users-permissions_grant', '{\"email\":{\"icon\":\"envelope\",\"enabled\":true},\"discord\":{\"icon\":\"discord\",\"enabled\":false,\"key\":\"\",\"secret\":\"\",\"callbackUrl\":\"api/auth/discord/callback\",\"scope\":[\"identify\",\"email\"]},\"facebook\":{\"icon\":\"facebook-square\",\"enabled\":false,\"key\":\"\",\"secret\":\"\",\"callbackUrl\":\"api/auth/facebook/callback\",\"scope\":[\"email\"]},\"google\":{\"icon\":\"google\",\"enabled\":false,\"key\":\"\",\"secret\":\"\",\"callbackUrl\":\"api/auth/google/callback\",\"scope\":[\"email\"]},\"github\":{\"icon\":\"github\",\"enabled\":false,\"key\":\"\",\"secret\":\"\",\"callbackUrl\":\"api/auth/github/callback\",\"scope\":[\"user\",\"user:email\"]},\"microsoft\":{\"icon\":\"windows\",\"enabled\":false,\"key\":\"\",\"secret\":\"\",\"callbackUrl\":\"api/auth/microsoft/callback\",\"scope\":[\"user.read\"]},\"twitter\":{\"icon\":\"twitter\",\"enabled\":false,\"key\":\"\",\"secret\":\"\",\"callbackUrl\":\"api/auth/twitter/callback\"},\"instagram\":{\"icon\":\"instagram\",\"enabled\":false,\"key\":\"\",\"secret\":\"\",\"callbackUrl\":\"api/auth/instagram/callback\",\"scope\":[\"user_profile\"]},\"vk\":{\"icon\":\"vk\",\"enabled\":false,\"key\":\"\",\"secret\":\"\",\"callbackUrl\":\"api/auth/vk/callback\",\"scope\":[\"email\"]},\"twitch\":{\"icon\":\"twitch\",\"enabled\":false,\"key\":\"\",\"secret\":\"\",\"callbackUrl\":\"api/auth/twitch/callback\",\"scope\":[\"user:read:email\"]},\"linkedin\":{\"icon\":\"linkedin\",\"enabled\":false,\"key\":\"\",\"secret\":\"\",\"callbackUrl\":\"api/auth/linkedin/callback\",\"scope\":[\"r_liteprofile\",\"r_emailaddress\"]},\"cognito\":{\"icon\":\"aws\",\"enabled\":false,\"key\":\"\",\"secret\":\"\",\"subdomain\":\"my.subdomain.com\",\"callback\":\"api/auth/cognito/callback\",\"scope\":[\"email\",\"openid\",\"profile\"]},\"reddit\":{\"icon\":\"reddit\",\"enabled\":false,\"key\":\"\",\"secret\":\"\",\"callback\":\"api/auth/reddit/callback\",\"scope\":[\"identity\"]},\"auth0\":{\"icon\":\"\",\"enabled\":false,\"key\":\"\",\"secret\":\"\",\"subdomain\":\"my-tenant.eu\",\"callback\":\"api/auth/auth0/callback\",\"scope\":[\"openid\",\"email\",\"profile\"]},\"cas\":{\"icon\":\"book\",\"enabled\":false,\"key\":\"\",\"secret\":\"\",\"callback\":\"api/auth/cas/callback\",\"scope\":[\"openid email\"],\"subdomain\":\"my.subdomain.com/cas\"},\"patreon\":{\"icon\":\"\",\"enabled\":false,\"key\":\"\",\"secret\":\"\",\"callback\":\"api/auth/patreon/callback\",\"scope\":[\"identity\",\"identity[email]\"]},\"keycloak\":{\"icon\":\"\",\"enabled\":false,\"key\":\"\",\"secret\":\"\",\"subdomain\":\"myKeycloakProvider.com/realms/myrealm\",\"callback\":\"api/auth/keycloak/callback\",\"scope\":[\"openid\",\"email\",\"profile\"]}}', 'object', NULL, NULL),
(28, 'plugin_users-permissions_email', '{\"reset_password\":{\"display\":\"Email.template.reset_password\",\"icon\":\"sync\",\"options\":{\"from\":{\"name\":\"Administration Panel\",\"email\":\"no-reply@strapi.io\"},\"response_email\":\"\",\"object\":\"Reset password\",\"message\":\"<p>We heard that you lost your password. Sorry about that!</p>\\n\\n<p>But dont worry! You can use the following link to reset your password:</p>\\n<p><%= URL %>?code=<%= TOKEN %></p>\\n\\n<p>Thanks.</p>\"}},\"email_confirmation\":{\"display\":\"Email.template.email_confirmation\",\"icon\":\"check-square\",\"options\":{\"from\":{\"name\":\"Administration Panel\",\"email\":\"no-reply@strapi.io\"},\"response_email\":\"\",\"object\":\"Account confirmation\",\"message\":\"<p>Thank you for registering!</p>\\n\\n<p>You have to confirm your email address. Please click on the link below.</p>\\n\\n<p><%= URL %>?confirmation=<%= CODE %></p>\\n\\n<p>Thanks.</p>\"}}}', 'object', NULL, NULL),
(29, 'plugin_users-permissions_advanced', '{\"unique_email\":true,\"allow_register\":true,\"email_confirmation\":false,\"email_reset_password\":null,\"email_confirmation_redirection\":null,\"default_role\":\"authenticated\"}', 'object', NULL, NULL),
(30, 'core_admin_auth', '{\"providers\":{\"autoRegister\":false,\"defaultRole\":null,\"ssoLockedRoles\":null}}', 'object', NULL, NULL);

-- --------------------------------------------------------

--
-- Struktur dari tabel `strapi_database_schema`
--

CREATE TABLE `strapi_database_schema` (
  `id` int(10) UNSIGNED NOT NULL,
  `schema` longtext CHARACTER SET utf8mb4 COLLATE utf8mb4_bin DEFAULT NULL CHECK (json_valid(`schema`)),
  `time` datetime DEFAULT NULL,
  `hash` varchar(255) DEFAULT NULL
) ENGINE=InnoDB DEFAULT CHARSET=utf8mb4 COLLATE=utf8mb4_general_ci;

--
-- Dumping data untuk tabel `strapi_database_schema`
--

INSERT INTO `strapi_database_schema` (`id`, `schema`, `time`, `hash`) VALUES
(1, '{\"tables\":[{\"name\":\"files\",\"indexes\":[{\"name\":\"upload_files_folder_path_index\",\"columns\":[\"folder_path\"],\"type\":null},{\"name\":\"upload_files_created_at_index\",\"columns\":[\"created_at\"],\"type\":null},{\"name\":\"upload_files_updated_at_index\",\"columns\":[\"updated_at\"],\"type\":null},{\"name\":\"upload_files_name_index\",\"columns\":[\"name\"],\"type\":null},{\"name\":\"upload_files_size_index\",\"columns\":[\"size\"],\"type\":null},{\"name\":\"upload_files_ext_index\",\"columns\":[\"ext\"],\"type\":null},{\"name\":\"files_documents_idx\",\"columns\":[\"document_id\",\"locale\",\"published_at\"]},{\"name\":\"files_created_by_id_fk\",\"columns\":[\"created_by_id\"]},{\"name\":\"files_updated_by_id_fk\",\"columns\":[\"updated_by_id\"]}],\"foreignKeys\":[{\"name\":\"files_created_by_id_fk\",\"columns\":[\"created_by_id\"],\"referencedTable\":\"admin_users\",\"referencedColumns\":[\"id\"],\"onDelete\":\"SET NULL\"},{\"name\":\"files_updated_by_id_fk\",\"columns\":[\"updated_by_id\"],\"referencedTable\":\"admin_users\",\"referencedColumns\":[\"id\"],\"onDelete\":\"SET NULL\"}],\"columns\":[{\"name\":\"id\",\"type\":\"increments\",\"args\":[{\"primary\":true,\"primaryKey\":true}],\"defaultTo\":null,\"notNullable\":true,\"unsigned\":false},{\"name\":\"document_id\",\"type\":\"string\",\"args\":[],\"defaultTo\":null,\"notNullable\":false,\"unsigned\":false},{\"name\":\"name\",\"type\":\"string\",\"args\":[],\"defaultTo\":null,\"notNullable\":false,\"unsigned\":false},{\"name\":\"alternative_text\",\"type\":\"string\",\"args\":[],\"defaultTo\":null,\"notNullable\":false,\"unsigned\":false},{\"name\":\"caption\",\"type\":\"string\",\"args\":[],\"defaultTo\":null,\"notNullable\":false,\"unsigned\":false},{\"name\":\"width\",\"type\":\"integer\",\"args\":[],\"defaultTo\":null,\"notNullable\":false,\"unsigned\":false},{\"name\":\"height\",\"type\":\"integer\",\"args\":[],\"defaultTo\":null,\"notNullable\":false,\"unsigned\":false},{\"name\":\"formats\",\"type\":\"jsonb\",\"args\":[],\"defaultTo\":null,\"notNullable\":false,\"unsigned\":false},{\"name\":\"hash\",\"type\":\"string\",\"args\":[],\"defaultTo\":null,\"notNullable\":false,\"unsigned\":false},{\"name\":\"ext\",\"type\":\"string\",\"args\":[],\"defaultTo\":null,\"notNullable\":false,\"unsigned\":false},{\"name\":\"mime\",\"type\":\"string\",\"args\":[],\"defaultTo\":null,\"notNullable\":false,\"unsigned\":false},{\"name\":\"size\",\"type\":\"decimal\",\"args\":[10,2],\"defaultTo\":null,\"notNullable\":false,\"unsigned\":false},{\"name\":\"url\",\"type\":\"string\",\"args\":[],\"defaultTo\":null,\"notNullable\":false,\"unsigned\":false},{\"name\":\"preview_url\",\"type\":\"string\",\"args\":[],\"defaultTo\":null,\"notNullable\":false,\"unsigned\":false},{\"name\":\"provider\",\"type\":\"string\",\"args\":[],\"defaultTo\":null,\"notNullable\":false,\"unsigned\":false},{\"name\":\"provider_metadata\",\"type\":\"jsonb\",\"args\":[],\"defaultTo\":null,\"notNullable\":false,\"unsigned\":false},{\"name\":\"folder_path\",\"type\":\"string\",\"args\":[],\"defaultTo\":null,\"notNullable\":false,\"unsigned\":false},{\"name\":\"created_at\",\"type\":\"datetime\",\"args\":[{\"useTz\":false,\"precision\":6}],\"defaultTo\":null,\"notNullable\":false,\"unsigned\":false},{\"name\":\"updated_at\",\"type\":\"datetime\",\"args\":[{\"useTz\":false,\"precision\":6}],\"defaultTo\":null,\"notNullable\":false,\"unsigned\":false},{\"name\":\"published_at\",\"type\":\"datetime\",\"args\":[{\"useTz\":false,\"precision\":6}],\"defaultTo\":null,\"notNullable\":false,\"unsigned\":false},{\"name\":\"created_by_id\",\"type\":\"integer\",\"args\":[],\"defaultTo\":null,\"notNullable\":false,\"unsigned\":true},{\"name\":\"updated_by_id\",\"type\":\"integer\",\"args\":[],\"defaultTo\":null,\"notNullable\":false,\"unsigned\":true},{\"name\":\"locale\",\"type\":\"string\",\"args\":[],\"defaultTo\":null,\"notNullable\":false,\"unsigned\":false}]},{\"name\":\"upload_folders\",\"indexes\":[{\"name\":\"upload_folders_path_id_index\",\"columns\":[\"path_id\"],\"type\":\"unique\"},{\"name\":\"upload_folders_path_index\",\"columns\":[\"path\"],\"type\":\"unique\"},{\"name\":\"upload_folders_documents_idx\",\"columns\":[\"document_id\",\"locale\",\"published_at\"]},{\"name\":\"upload_folders_created_by_id_fk\",\"columns\":[\"created_by_id\"]},{\"name\":\"upload_folders_updated_by_id_fk\",\"columns\":[\"updated_by_id\"]}],\"foreignKeys\":[{\"name\":\"upload_folders_created_by_id_fk\",\"columns\":[\"created_by_id\"],\"referencedTable\":\"admin_users\",\"referencedColumns\":[\"id\"],\"onDelete\":\"SET NULL\"},{\"name\":\"upload_folders_updated_by_id_fk\",\"columns\":[\"updated_by_id\"],\"referencedTable\":\"admin_users\",\"referencedColumns\":[\"id\"],\"onDelete\":\"SET NULL\"}],\"columns\":[{\"name\":\"id\",\"type\":\"increments\",\"args\":[{\"primary\":true,\"primaryKey\":true}],\"defaultTo\":null,\"notNullable\":true,\"unsigned\":false},{\"name\":\"document_id\",\"type\":\"string\",\"args\":[],\"defaultTo\":null,\"notNullable\":false,\"unsigned\":false},{\"name\":\"name\",\"type\":\"string\",\"args\":[],\"defaultTo\":null,\"notNullable\":false,\"unsigned\":false},{\"name\":\"path_id\",\"type\":\"integer\",\"args\":[],\"defaultTo\":null,\"notNullable\":false,\"unsigned\":false},{\"name\":\"path\",\"type\":\"string\",\"args\":[],\"defaultTo\":null,\"notNullable\":false,\"unsigned\":false},{\"name\":\"created_at\",\"type\":\"datetime\",\"args\":[{\"useTz\":false,\"precision\":6}],\"defaultTo\":null,\"notNullable\":false,\"unsigned\":false},{\"name\":\"updated_at\",\"type\":\"datetime\",\"args\":[{\"useTz\":false,\"precision\":6}],\"defaultTo\":null,\"notNullable\":false,\"unsigned\":false},{\"name\":\"published_at\",\"type\":\"datetime\",\"args\":[{\"useTz\":false,\"precision\":6}],\"defaultTo\":null,\"notNullable\":false,\"unsigned\":false},{\"name\":\"created_by_id\",\"type\":\"integer\",\"args\":[],\"defaultTo\":null,\"notNullable\":false,\"unsigned\":true},{\"name\":\"updated_by_id\",\"type\":\"integer\",\"args\":[],\"defaultTo\":null,\"notNullable\":false,\"unsigned\":true},{\"name\":\"locale\",\"type\":\"string\",\"args\":[],\"defaultTo\":null,\"notNullable\":false,\"unsigned\":false}]},{\"name\":\"i18n_locale\",\"indexes\":[{\"name\":\"i18n_locale_documents_idx\",\"columns\":[\"document_id\",\"locale\",\"published_at\"]},{\"name\":\"i18n_locale_created_by_id_fk\",\"columns\":[\"created_by_id\"]},{\"name\":\"i18n_locale_updated_by_id_fk\",\"columns\":[\"updated_by_id\"]}],\"foreignKeys\":[{\"name\":\"i18n_locale_created_by_id_fk\",\"columns\":[\"created_by_id\"],\"referencedTable\":\"admin_users\",\"referencedColumns\":[\"id\"],\"onDelete\":\"SET NULL\"},{\"name\":\"i18n_locale_updated_by_id_fk\",\"columns\":[\"updated_by_id\"],\"referencedTable\":\"admin_users\",\"referencedColumns\":[\"id\"],\"onDelete\":\"SET NULL\"}],\"columns\":[{\"name\":\"id\",\"type\":\"increments\",\"args\":[{\"primary\":true,\"primaryKey\":true}],\"defaultTo\":null,\"notNullable\":true,\"unsigned\":false},{\"name\":\"document_id\",\"type\":\"string\",\"args\":[],\"defaultTo\":null,\"notNullable\":false,\"unsigned\":false},{\"name\":\"name\",\"type\":\"string\",\"args\":[],\"defaultTo\":null,\"notNullable\":false,\"unsigned\":false},{\"name\":\"code\",\"type\":\"string\",\"args\":[],\"defaultTo\":null,\"notNullable\":false,\"unsigned\":false},{\"name\":\"created_at\",\"type\":\"datetime\",\"args\":[{\"useTz\":false,\"precision\":6}],\"defaultTo\":null,\"notNullable\":false,\"unsigned\":false},{\"name\":\"updated_at\",\"type\":\"datetime\",\"args\":[{\"useTz\":false,\"precision\":6}],\"defaultTo\":null,\"notNullable\":false,\"unsigned\":false},{\"name\":\"published_at\",\"type\":\"datetime\",\"args\":[{\"useTz\":false,\"precision\":6}],\"defaultTo\":null,\"notNullable\":false,\"unsigned\":false},{\"name\":\"created_by_id\",\"type\":\"integer\",\"args\":[],\"defaultTo\":null,\"notNullable\":false,\"unsigned\":true},{\"name\":\"updated_by_id\",\"type\":\"integer\",\"args\":[],\"defaultTo\":null,\"notNullable\":false,\"unsigned\":true},{\"name\":\"locale\",\"type\":\"string\",\"args\":[],\"defaultTo\":null,\"notNullable\":false,\"unsigned\":false}]},{\"name\":\"strapi_releases\",\"indexes\":[{\"name\":\"strapi_releases_documents_idx\",\"columns\":[\"document_id\",\"locale\",\"published_at\"]},{\"name\":\"strapi_releases_created_by_id_fk\",\"columns\":[\"created_by_id\"]},{\"name\":\"strapi_releases_updated_by_id_fk\",\"columns\":[\"updated_by_id\"]}],\"foreignKeys\":[{\"name\":\"strapi_releases_created_by_id_fk\",\"columns\":[\"created_by_id\"],\"referencedTable\":\"admin_users\",\"referencedColumns\":[\"id\"],\"onDelete\":\"SET NULL\"},{\"name\":\"strapi_releases_updated_by_id_fk\",\"columns\":[\"updated_by_id\"],\"referencedTable\":\"admin_users\",\"referencedColumns\":[\"id\"],\"onDelete\":\"SET NULL\"}],\"columns\":[{\"name\":\"id\",\"type\":\"increments\",\"args\":[{\"primary\":true,\"primaryKey\":true}],\"defaultTo\":null,\"notNullable\":true,\"unsigned\":false},{\"name\":\"document_id\",\"type\":\"string\",\"args\":[],\"defaultTo\":null,\"notNullable\":false,\"unsigned\":false},{\"name\":\"name\",\"type\":\"string\",\"args\":[],\"defaultTo\":null,\"notNullable\":false,\"unsigned\":false},{\"name\":\"released_at\",\"type\":\"datetime\",\"args\":[{\"useTz\":false,\"precision\":6}],\"defaultTo\":null,\"notNullable\":false,\"unsigned\":false},{\"name\":\"scheduled_at\",\"type\":\"datetime\",\"args\":[{\"useTz\":false,\"precision\":6}],\"defaultTo\":null,\"notNullable\":false,\"unsigned\":false},{\"name\":\"timezone\",\"type\":\"string\",\"args\":[],\"defaultTo\":null,\"notNullable\":false,\"unsigned\":false},{\"name\":\"status\",\"type\":\"string\",\"args\":[],\"defaultTo\":null,\"notNullable\":false,\"unsigned\":false},{\"name\":\"created_at\",\"type\":\"datetime\",\"args\":[{\"useTz\":false,\"precision\":6}],\"defaultTo\":null,\"notNullable\":false,\"unsigned\":false},{\"name\":\"updated_at\",\"type\":\"datetime\",\"args\":[{\"useTz\":false,\"precision\":6}],\"defaultTo\":null,\"notNullable\":false,\"unsigned\":false},{\"name\":\"published_at\",\"type\":\"datetime\",\"args\":[{\"useTz\":false,\"precision\":6}],\"defaultTo\":null,\"notNullable\":false,\"unsigned\":false},{\"name\":\"created_by_id\",\"type\":\"integer\",\"args\":[],\"defaultTo\":null,\"notNullable\":false,\"unsigned\":true},{\"name\":\"updated_by_id\",\"type\":\"integer\",\"args\":[],\"defaultTo\":null,\"notNullable\":false,\"unsigned\":true},{\"name\":\"locale\",\"type\":\"string\",\"args\":[],\"defaultTo\":null,\"notNullable\":false,\"unsigned\":false}]},{\"name\":\"strapi_release_actions\",\"indexes\":[{\"name\":\"strapi_release_actions_documents_idx\",\"columns\":[\"document_id\",\"locale\",\"published_at\"]},{\"name\":\"strapi_release_actions_created_by_id_fk\",\"columns\":[\"created_by_id\"]},{\"name\":\"strapi_release_actions_updated_by_id_fk\",\"columns\":[\"updated_by_id\"]}],\"foreignKeys\":[{\"name\":\"strapi_release_actions_created_by_id_fk\",\"columns\":[\"created_by_id\"],\"referencedTable\":\"admin_users\",\"referencedColumns\":[\"id\"],\"onDelete\":\"SET NULL\"},{\"name\":\"strapi_release_actions_updated_by_id_fk\",\"columns\":[\"updated_by_id\"],\"referencedTable\":\"admin_users\",\"referencedColumns\":[\"id\"],\"onDelete\":\"SET NULL\"}],\"columns\":[{\"name\":\"id\",\"type\":\"increments\",\"args\":[{\"primary\":true,\"primaryKey\":true}],\"defaultTo\":null,\"notNullable\":true,\"unsigned\":false},{\"name\":\"document_id\",\"type\":\"string\",\"args\":[],\"defaultTo\":null,\"notNullable\":false,\"unsigned\":false},{\"name\":\"type\",\"type\":\"string\",\"args\":[],\"defaultTo\":null,\"notNullable\":false,\"unsigned\":false},{\"name\":\"content_type\",\"type\":\"string\",\"args\":[],\"defaultTo\":null,\"notNullable\":false,\"unsigned\":false},{\"name\":\"entry_document_id\",\"type\":\"string\",\"args\":[],\"defaultTo\":null,\"notNullable\":false,\"unsigned\":false},{\"name\":\"locale\",\"type\":\"string\",\"args\":[],\"defaultTo\":null,\"notNullable\":false,\"unsigned\":false},{\"name\":\"is_entry_valid\",\"type\":\"boolean\",\"args\":[],\"defaultTo\":null,\"notNullable\":false,\"unsigned\":false},{\"name\":\"created_at\",\"type\":\"datetime\",\"args\":[{\"useTz\":false,\"precision\":6}],\"defaultTo\":null,\"notNullable\":false,\"unsigned\":false},{\"name\":\"updated_at\",\"type\":\"datetime\",\"args\":[{\"useTz\":false,\"precision\":6}],\"defaultTo\":null,\"notNullable\":false,\"unsigned\":false},{\"name\":\"published_at\",\"type\":\"datetime\",\"args\":[{\"useTz\":false,\"precision\":6}],\"defaultTo\":null,\"notNullable\":false,\"unsigned\":false},{\"name\":\"created_by_id\",\"type\":\"integer\",\"args\":[],\"defaultTo\":null,\"notNullable\":false,\"unsigned\":true},{\"name\":\"updated_by_id\",\"type\":\"integer\",\"args\":[],\"defaultTo\":null,\"notNullable\":false,\"unsigned\":true}]},{\"name\":\"strapi_workflows\",\"indexes\":[{\"name\":\"strapi_workflows_documents_idx\",\"columns\":[\"document_id\",\"locale\",\"published_at\"]},{\"name\":\"strapi_workflows_created_by_id_fk\",\"columns\":[\"created_by_id\"]},{\"name\":\"strapi_workflows_updated_by_id_fk\",\"columns\":[\"updated_by_id\"]}],\"foreignKeys\":[{\"name\":\"strapi_workflows_created_by_id_fk\",\"columns\":[\"created_by_id\"],\"referencedTable\":\"admin_users\",\"referencedColumns\":[\"id\"],\"onDelete\":\"SET NULL\"},{\"name\":\"strapi_workflows_updated_by_id_fk\",\"columns\":[\"updated_by_id\"],\"referencedTable\":\"admin_users\",\"referencedColumns\":[\"id\"],\"onDelete\":\"SET NULL\"}],\"columns\":[{\"name\":\"id\",\"type\":\"increments\",\"args\":[{\"primary\":true,\"primaryKey\":true}],\"defaultTo\":null,\"notNullable\":true,\"unsigned\":false},{\"name\":\"document_id\",\"type\":\"string\",\"args\":[],\"defaultTo\":null,\"notNullable\":false,\"unsigned\":false},{\"name\":\"name\",\"type\":\"string\",\"args\":[],\"defaultTo\":null,\"notNullable\":false,\"unsigned\":false},{\"name\":\"content_types\",\"type\":\"jsonb\",\"args\":[],\"defaultTo\":null,\"notNullable\":false,\"unsigned\":false},{\"name\":\"created_at\",\"type\":\"datetime\",\"args\":[{\"useTz\":false,\"precision\":6}],\"defaultTo\":null,\"notNullable\":false,\"unsigned\":false},{\"name\":\"updated_at\",\"type\":\"datetime\",\"args\":[{\"useTz\":false,\"precision\":6}],\"defaultTo\":null,\"notNullable\":false,\"unsigned\":false},{\"name\":\"published_at\",\"type\":\"datetime\",\"args\":[{\"useTz\":false,\"precision\":6}],\"defaultTo\":null,\"notNullable\":false,\"unsigned\":false},{\"name\":\"created_by_id\",\"type\":\"integer\",\"args\":[],\"defaultTo\":null,\"notNullable\":false,\"unsigned\":true},{\"name\":\"updated_by_id\",\"type\":\"integer\",\"args\":[],\"defaultTo\":null,\"notNullable\":false,\"unsigned\":true},{\"name\":\"locale\",\"type\":\"string\",\"args\":[],\"defaultTo\":null,\"notNullable\":false,\"unsigned\":false}]},{\"name\":\"strapi_workflows_stages\",\"indexes\":[{\"name\":\"strapi_workflows_stages_documents_idx\",\"columns\":[\"document_id\",\"locale\",\"published_at\"]},{\"name\":\"strapi_workflows_stages_created_by_id_fk\",\"columns\":[\"created_by_id\"]},{\"name\":\"strapi_workflows_stages_updated_by_id_fk\",\"columns\":[\"updated_by_id\"]}],\"foreignKeys\":[{\"name\":\"strapi_workflows_stages_created_by_id_fk\",\"columns\":[\"created_by_id\"],\"referencedTable\":\"admin_users\",\"referencedColumns\":[\"id\"],\"onDelete\":\"SET NULL\"},{\"name\":\"strapi_workflows_stages_updated_by_id_fk\",\"columns\":[\"updated_by_id\"],\"referencedTable\":\"admin_users\",\"referencedColumns\":[\"id\"],\"onDelete\":\"SET NULL\"}],\"columns\":[{\"name\":\"id\",\"type\":\"increments\",\"args\":[{\"primary\":true,\"primaryKey\":true}],\"defaultTo\":null,\"notNullable\":true,\"unsigned\":false},{\"name\":\"document_id\",\"type\":\"string\",\"args\":[],\"defaultTo\":null,\"notNullable\":false,\"unsigned\":false},{\"name\":\"name\",\"type\":\"string\",\"args\":[],\"defaultTo\":null,\"notNullable\":false,\"unsigned\":false},{\"name\":\"color\",\"type\":\"string\",\"args\":[],\"defaultTo\":null,\"notNullable\":false,\"unsigned\":false},{\"name\":\"created_at\",\"type\":\"datetime\",\"args\":[{\"useTz\":false,\"precision\":6}],\"defaultTo\":null,\"notNullable\":false,\"unsigned\":false},{\"name\":\"updated_at\",\"type\":\"datetime\",\"args\":[{\"useTz\":false,\"precision\":6}],\"defaultTo\":null,\"notNullable\":false,\"unsigned\":false},{\"name\":\"published_at\",\"type\":\"datetime\",\"args\":[{\"useTz\":false,\"precision\":6}],\"defaultTo\":null,\"notNullable\":false,\"unsigned\":false},{\"name\":\"created_by_id\",\"type\":\"integer\",\"args\":[],\"defaultTo\":null,\"notNullable\":false,\"unsigned\":true},{\"name\":\"updated_by_id\",\"type\":\"integer\",\"args\":[],\"defaultTo\":null,\"notNullable\":false,\"unsigned\":true},{\"name\":\"locale\",\"type\":\"string\",\"args\":[],\"defaultTo\":null,\"notNullable\":false,\"unsigned\":false}]},{\"name\":\"up_permissions\",\"indexes\":[{\"name\":\"up_permissions_documents_idx\",\"columns\":[\"document_id\",\"locale\",\"published_at\"]},{\"name\":\"up_permissions_created_by_id_fk\",\"columns\":[\"created_by_id\"]},{\"name\":\"up_permissions_updated_by_id_fk\",\"columns\":[\"updated_by_id\"]}],\"foreignKeys\":[{\"name\":\"up_permissions_created_by_id_fk\",\"columns\":[\"created_by_id\"],\"referencedTable\":\"admin_users\",\"referencedColumns\":[\"id\"],\"onDelete\":\"SET NULL\"},{\"name\":\"up_permissions_updated_by_id_fk\",\"columns\":[\"updated_by_id\"],\"referencedTable\":\"admin_users\",\"referencedColumns\":[\"id\"],\"onDelete\":\"SET NULL\"}],\"columns\":[{\"name\":\"id\",\"type\":\"increments\",\"args\":[{\"primary\":true,\"primaryKey\":true}],\"defaultTo\":null,\"notNullable\":true,\"unsigned\":false},{\"name\":\"document_id\",\"type\":\"string\",\"args\":[],\"defaultTo\":null,\"notNullable\":false,\"unsigned\":false},{\"name\":\"action\",\"type\":\"string\",\"args\":[],\"defaultTo\":null,\"notNullable\":false,\"unsigned\":false},{\"name\":\"created_at\",\"type\":\"datetime\",\"args\":[{\"useTz\":false,\"precision\":6}],\"defaultTo\":null,\"notNullable\":false,\"unsigned\":false},{\"name\":\"updated_at\",\"type\":\"datetime\",\"args\":[{\"useTz\":false,\"precision\":6}],\"defaultTo\":null,\"notNullable\":false,\"unsigned\":false},{\"name\":\"published_at\",\"type\":\"datetime\",\"args\":[{\"useTz\":false,\"precision\":6}],\"defaultTo\":null,\"notNullable\":false,\"unsigned\":false},{\"name\":\"created_by_id\",\"type\":\"integer\",\"args\":[],\"defaultTo\":null,\"notNullable\":false,\"unsigned\":true},{\"name\":\"updated_by_id\",\"type\":\"integer\",\"args\":[],\"defaultTo\":null,\"notNullable\":false,\"unsigned\":true},{\"name\":\"locale\",\"type\":\"string\",\"args\":[],\"defaultTo\":null,\"notNullable\":false,\"unsigned\":false}]},{\"name\":\"up_roles\",\"indexes\":[{\"name\":\"up_roles_documents_idx\",\"columns\":[\"document_id\",\"locale\",\"published_at\"]},{\"name\":\"up_roles_created_by_id_fk\",\"columns\":[\"created_by_id\"]},{\"name\":\"up_roles_updated_by_id_fk\",\"columns\":[\"updated_by_id\"]}],\"foreignKeys\":[{\"name\":\"up_roles_created_by_id_fk\",\"columns\":[\"created_by_id\"],\"referencedTable\":\"admin_users\",\"referencedColumns\":[\"id\"],\"onDelete\":\"SET NULL\"},{\"name\":\"up_roles_updated_by_id_fk\",\"columns\":[\"updated_by_id\"],\"referencedTable\":\"admin_users\",\"referencedColumns\":[\"id\"],\"onDelete\":\"SET NULL\"}],\"columns\":[{\"name\":\"id\",\"type\":\"increments\",\"args\":[{\"primary\":true,\"primaryKey\":true}],\"defaultTo\":null,\"notNullable\":true,\"unsigned\":false},{\"name\":\"document_id\",\"type\":\"string\",\"args\":[],\"defaultTo\":null,\"notNullable\":false,\"unsigned\":false},{\"name\":\"name\",\"type\":\"string\",\"args\":[],\"defaultTo\":null,\"notNullable\":false,\"unsigned\":false},{\"name\":\"description\",\"type\":\"string\",\"args\":[],\"defaultTo\":null,\"notNullable\":false,\"unsigned\":false},{\"name\":\"type\",\"type\":\"string\",\"args\":[],\"defaultTo\":null,\"notNullable\":false,\"unsigned\":false},{\"name\":\"created_at\",\"type\":\"datetime\",\"args\":[{\"useTz\":false,\"precision\":6}],\"defaultTo\":null,\"notNullable\":false,\"unsigned\":false},{\"name\":\"updated_at\",\"type\":\"datetime\",\"args\":[{\"useTz\":false,\"precision\":6}],\"defaultTo\":null,\"notNullable\":false,\"unsigned\":false},{\"name\":\"published_at\",\"type\":\"datetime\",\"args\":[{\"useTz\":false,\"precision\":6}],\"defaultTo\":null,\"notNullable\":false,\"unsigned\":false},{\"name\":\"created_by_id\",\"type\":\"integer\",\"args\":[],\"defaultTo\":null,\"notNullable\":false,\"unsigned\":true},{\"name\":\"updated_by_id\",\"type\":\"integer\",\"args\":[],\"defaultTo\":null,\"notNullable\":false,\"unsigned\":true},{\"name\":\"locale\",\"type\":\"string\",\"args\":[],\"defaultTo\":null,\"notNullable\":false,\"unsigned\":false}]},{\"name\":\"up_users\",\"indexes\":[{\"name\":\"up_users_documents_idx\",\"columns\":[\"document_id\",\"locale\",\"published_at\"]},{\"name\":\"up_users_created_by_id_fk\",\"columns\":[\"created_by_id\"]},{\"name\":\"up_users_updated_by_id_fk\",\"columns\":[\"updated_by_id\"]}],\"foreignKeys\":[{\"name\":\"up_users_created_by_id_fk\",\"columns\":[\"created_by_id\"],\"referencedTable\":\"admin_users\",\"referencedColumns\":[\"id\"],\"onDelete\":\"SET NULL\"},{\"name\":\"up_users_updated_by_id_fk\",\"columns\":[\"updated_by_id\"],\"referencedTable\":\"admin_users\",\"referencedColumns\":[\"id\"],\"onDelete\":\"SET NULL\"}],\"columns\":[{\"name\":\"id\",\"type\":\"increments\",\"args\":[{\"primary\":true,\"primaryKey\":true}],\"defaultTo\":null,\"notNullable\":true,\"unsigned\":false},{\"name\":\"document_id\",\"type\":\"string\",\"args\":[],\"defaultTo\":null,\"notNullable\":false,\"unsigned\":false},{\"name\":\"username\",\"type\":\"string\",\"args\":[],\"defaultTo\":null,\"notNullable\":false,\"unsigned\":false},{\"name\":\"email\",\"type\":\"string\",\"args\":[],\"defaultTo\":null,\"notNullable\":false,\"unsigned\":false},{\"name\":\"provider\",\"type\":\"string\",\"args\":[],\"defaultTo\":null,\"notNullable\":false,\"unsigned\":false},{\"name\":\"password\",\"type\":\"string\",\"args\":[],\"defaultTo\":null,\"notNullable\":false,\"unsigned\":false},{\"name\":\"reset_password_token\",\"type\":\"string\",\"args\":[],\"defaultTo\":null,\"notNullable\":false,\"unsigned\":false},{\"name\":\"confirmation_token\",\"type\":\"string\",\"args\":[],\"defaultTo\":null,\"notNullable\":false,\"unsigned\":false},{\"name\":\"confirmed\",\"type\":\"boolean\",\"args\":[],\"defaultTo\":null,\"notNullable\":false,\"unsigned\":false},{\"name\":\"blocked\",\"type\":\"boolean\",\"args\":[],\"defaultTo\":null,\"notNullable\":false,\"unsigned\":false},{\"name\":\"created_at\",\"type\":\"datetime\",\"args\":[{\"useTz\":false,\"precision\":6}],\"defaultTo\":null,\"notNullable\":false,\"unsigned\":false},{\"name\":\"updated_at\",\"type\":\"datetime\",\"args\":[{\"useTz\":false,\"precision\":6}],\"defaultTo\":null,\"notNullable\":false,\"unsigned\":false},{\"name\":\"published_at\",\"type\":\"datetime\",\"args\":[{\"useTz\":false,\"precision\":6}],\"defaultTo\":null,\"notNullable\":false,\"unsigned\":false},{\"name\":\"created_by_id\",\"type\":\"integer\",\"args\":[],\"defaultTo\":null,\"notNullable\":false,\"unsigned\":true},{\"name\":\"updated_by_id\",\"type\":\"integer\",\"args\":[],\"defaultTo\":null,\"notNullable\":false,\"unsigned\":true},{\"name\":\"locale\",\"type\":\"string\",\"args\":[],\"defaultTo\":null,\"notNullable\":false,\"unsigned\":false}]},{\"name\":\"lessons\",\"indexes\":[{\"name\":\"lessons_documents_idx\",\"columns\":[\"document_id\",\"locale\",\"published_at\"]},{\"name\":\"lessons_created_by_id_fk\",\"columns\":[\"created_by_id\"]},{\"name\":\"lessons_updated_by_id_fk\",\"columns\":[\"updated_by_id\"]}],\"foreignKeys\":[{\"name\":\"lessons_created_by_id_fk\",\"columns\":[\"created_by_id\"],\"referencedTable\":\"admin_users\",\"referencedColumns\":[\"id\"],\"onDelete\":\"SET NULL\"},{\"name\":\"lessons_updated_by_id_fk\",\"columns\":[\"updated_by_id\"],\"referencedTable\":\"admin_users\",\"referencedColumns\":[\"id\"],\"onDelete\":\"SET NULL\"}],\"columns\":[{\"name\":\"id\",\"type\":\"increments\",\"args\":[{\"primary\":true,\"primaryKey\":true}],\"defaultTo\":null,\"notNullable\":true,\"unsigned\":false},{\"name\":\"document_id\",\"type\":\"string\",\"args\":[],\"defaultTo\":null,\"notNullable\":false,\"unsigned\":false},{\"name\":\"lesson_name\",\"type\":\"string\",\"args\":[],\"defaultTo\":null,\"notNullable\":false,\"unsigned\":false},{\"name\":\"created_at\",\"type\":\"datetime\",\"args\":[{\"useTz\":false,\"precision\":6}],\"defaultTo\":null,\"notNullable\":false,\"unsigned\":false},{\"name\":\"updated_at\",\"type\":\"datetime\",\"args\":[{\"useTz\":false,\"precision\":6}],\"defaultTo\":null,\"notNullable\":false,\"unsigned\":false},{\"name\":\"published_at\",\"type\":\"datetime\",\"args\":[{\"useTz\":false,\"precision\":6}],\"defaultTo\":null,\"notNullable\":false,\"unsigned\":false},{\"name\":\"created_by_id\",\"type\":\"integer\",\"args\":[],\"defaultTo\":null,\"notNullable\":false,\"unsigned\":true},{\"name\":\"updated_by_id\",\"type\":\"integer\",\"args\":[],\"defaultTo\":null,\"notNullable\":false,\"unsigned\":true},{\"name\":\"locale\",\"type\":\"string\",\"args\":[],\"defaultTo\":null,\"notNullable\":false,\"unsigned\":false}]},{\"name\":\"students\",\"indexes\":[{\"name\":\"students_documents_idx\",\"columns\":[\"document_id\",\"locale\",\"published_at\"]},{\"name\":\"students_created_by_id_fk\",\"columns\":[\"created_by_id\"]},{\"name\":\"students_updated_by_id_fk\",\"columns\":[\"updated_by_id\"]}],\"foreignKeys\":[{\"name\":\"students_created_by_id_fk\",\"columns\":[\"created_by_id\"],\"referencedTable\":\"admin_users\",\"referencedColumns\":[\"id\"],\"onDelete\":\"SET NULL\"},{\"name\":\"students_updated_by_id_fk\",\"columns\":[\"updated_by_id\"],\"referencedTable\":\"admin_users\",\"referencedColumns\":[\"id\"],\"onDelete\":\"SET NULL\"}],\"columns\":[{\"name\":\"id\",\"type\":\"increments\",\"args\":[{\"primary\":true,\"primaryKey\":true}],\"defaultTo\":null,\"notNullable\":true,\"unsigned\":false},{\"name\":\"document_id\",\"type\":\"string\",\"args\":[],\"defaultTo\":null,\"notNullable\":false,\"unsigned\":false},{\"name\":\"student_name\",\"type\":\"string\",\"args\":[],\"defaultTo\":null,\"notNullable\":false,\"unsigned\":false},{\"name\":\"nisn\",\"type\":\"string\",\"args\":[],\"defaultTo\":null,\"notNullable\":false,\"unsigned\":false},{\"name\":\"created_at\",\"type\":\"datetime\",\"args\":[{\"useTz\":false,\"precision\":6}],\"defaultTo\":null,\"notNullable\":false,\"unsigned\":false},{\"name\":\"updated_at\",\"type\":\"datetime\",\"args\":[{\"useTz\":false,\"precision\":6}],\"defaultTo\":null,\"notNullable\":false,\"unsigned\":false},{\"name\":\"published_at\",\"type\":\"datetime\",\"args\":[{\"useTz\":false,\"precision\":6}],\"defaultTo\":null,\"notNullable\":false,\"unsigned\":false},{\"name\":\"created_by_id\",\"type\":\"integer\",\"args\":[],\"defaultTo\":null,\"notNullable\":false,\"unsigned\":true},{\"name\":\"updated_by_id\",\"type\":\"integer\",\"args\":[],\"defaultTo\":null,\"notNullable\":false,\"unsigned\":true},{\"name\":\"locale\",\"type\":\"string\",\"args\":[],\"defaultTo\":null,\"notNullable\":false,\"unsigned\":false}]},{\"name\":\"student_lessons\",\"indexes\":[{\"name\":\"student_lessons_documents_idx\",\"columns\":[\"document_id\",\"locale\",\"published_at\"]},{\"name\":\"student_lessons_created_by_id_fk\",\"columns\":[\"created_by_id\"]},{\"name\":\"student_lessons_updated_by_id_fk\",\"columns\":[\"updated_by_id\"]}],\"foreignKeys\":[{\"name\":\"student_lessons_created_by_id_fk\",\"columns\":[\"created_by_id\"],\"referencedTable\":\"admin_users\",\"referencedColumns\":[\"id\"],\"onDelete\":\"SET NULL\"},{\"name\":\"student_lessons_updated_by_id_fk\",\"columns\":[\"updated_by_id\"],\"referencedTable\":\"admin_users\",\"referencedColumns\":[\"id\"],\"onDelete\":\"SET NULL\"}],\"columns\":[{\"name\":\"id\",\"type\":\"increments\",\"args\":[{\"primary\":true,\"primaryKey\":true}],\"defaultTo\":null,\"notNullable\":true,\"unsigned\":false},{\"name\":\"document_id\",\"type\":\"string\",\"args\":[],\"defaultTo\":null,\"notNullable\":false,\"unsigned\":false},{\"name\":\"created_at\",\"type\":\"datetime\",\"args\":[{\"useTz\":false,\"precision\":6}],\"defaultTo\":null,\"notNullable\":false,\"unsigned\":false},{\"name\":\"updated_at\",\"type\":\"datetime\",\"args\":[{\"useTz\":false,\"precision\":6}],\"defaultTo\":null,\"notNullable\":false,\"unsigned\":false},{\"name\":\"published_at\",\"type\":\"datetime\",\"args\":[{\"useTz\":false,\"precision\":6}],\"defaultTo\":null,\"notNullable\":false,\"unsigned\":false},{\"name\":\"created_by_id\",\"type\":\"integer\",\"args\":[],\"defaultTo\":null,\"notNullable\":false,\"unsigned\":true},{\"name\":\"updated_by_id\",\"type\":\"integer\",\"args\":[],\"defaultTo\":null,\"notNullable\":false,\"unsigned\":true},{\"name\":\"locale\",\"type\":\"string\",\"args\":[],\"defaultTo\":null,\"notNullable\":false,\"unsigned\":false}]},{\"name\":\"teachers\",\"indexes\":[{\"name\":\"teachers_documents_idx\",\"columns\":[\"document_id\",\"locale\",\"published_at\"]},{\"name\":\"teachers_created_by_id_fk\",\"columns\":[\"created_by_id\"]},{\"name\":\"teachers_updated_by_id_fk\",\"columns\":[\"updated_by_id\"]}],\"foreignKeys\":[{\"name\":\"teachers_created_by_id_fk\",\"columns\":[\"created_by_id\"],\"referencedTable\":\"admin_users\",\"referencedColumns\":[\"id\"],\"onDelete\":\"SET NULL\"},{\"name\":\"teachers_updated_by_id_fk\",\"columns\":[\"updated_by_id\"],\"referencedTable\":\"admin_users\",\"referencedColumns\":[\"id\"],\"onDelete\":\"SET NULL\"}],\"columns\":[{\"name\":\"id\",\"type\":\"increments\",\"args\":[{\"primary\":true,\"primaryKey\":true}],\"defaultTo\":null,\"notNullable\":true,\"unsigned\":false},{\"name\":\"document_id\",\"type\":\"string\",\"args\":[],\"defaultTo\":null,\"notNullable\":false,\"unsigned\":false},{\"name\":\"teacher_name\",\"type\":\"string\",\"args\":[],\"defaultTo\":null,\"notNullable\":false,\"unsigned\":false},{\"name\":\"created_at\",\"type\":\"datetime\",\"args\":[{\"useTz\":false,\"precision\":6}],\"defaultTo\":null,\"notNullable\":false,\"unsigned\":false},{\"name\":\"updated_at\",\"type\":\"datetime\",\"args\":[{\"useTz\":false,\"precision\":6}],\"defaultTo\":null,\"notNullable\":false,\"unsigned\":false},{\"name\":\"published_at\",\"type\":\"datetime\",\"args\":[{\"useTz\":false,\"precision\":6}],\"defaultTo\":null,\"notNullable\":false,\"unsigned\":false},{\"name\":\"created_by_id\",\"type\":\"integer\",\"args\":[],\"defaultTo\":null,\"notNullable\":false,\"unsigned\":true},{\"name\":\"updated_by_id\",\"type\":\"integer\",\"args\":[],\"defaultTo\":null,\"notNullable\":false,\"unsigned\":true},{\"name\":\"locale\",\"type\":\"string\",\"args\":[],\"defaultTo\":null,\"notNullable\":false,\"unsigned\":false}]},{\"name\":\"admin_permissions\",\"indexes\":[{\"name\":\"admin_permissions_documents_idx\",\"columns\":[\"document_id\",\"locale\",\"published_at\"]},{\"name\":\"admin_permissions_created_by_id_fk\",\"columns\":[\"created_by_id\"]},{\"name\":\"admin_permissions_updated_by_id_fk\",\"columns\":[\"updated_by_id\"]}],\"foreignKeys\":[{\"name\":\"admin_permissions_created_by_id_fk\",\"columns\":[\"created_by_id\"],\"referencedTable\":\"admin_users\",\"referencedColumns\":[\"id\"],\"onDelete\":\"SET NULL\"},{\"name\":\"admin_permissions_updated_by_id_fk\",\"columns\":[\"updated_by_id\"],\"referencedTable\":\"admin_users\",\"referencedColumns\":[\"id\"],\"onDelete\":\"SET NULL\"}],\"columns\":[{\"name\":\"id\",\"type\":\"increments\",\"args\":[{\"primary\":true,\"primaryKey\":true}],\"defaultTo\":null,\"notNullable\":true,\"unsigned\":false},{\"name\":\"document_id\",\"type\":\"string\",\"args\":[],\"defaultTo\":null,\"notNullable\":false,\"unsigned\":false},{\"name\":\"action\",\"type\":\"string\",\"args\":[],\"defaultTo\":null,\"notNullable\":false,\"unsigned\":false},{\"name\":\"action_parameters\",\"type\":\"jsonb\",\"args\":[],\"defaultTo\":null,\"notNullable\":false,\"unsigned\":false},{\"name\":\"subject\",\"type\":\"string\",\"args\":[],\"defaultTo\":null,\"notNullable\":false,\"unsigned\":false},{\"name\":\"properties\",\"type\":\"jsonb\",\"args\":[],\"defaultTo\":null,\"notNullable\":false,\"unsigned\":false},{\"name\":\"conditions\",\"type\":\"jsonb\",\"args\":[],\"defaultTo\":null,\"notNullable\":false,\"unsigned\":false},{\"name\":\"created_at\",\"type\":\"datetime\",\"args\":[{\"useTz\":false,\"precision\":6}],\"defaultTo\":null,\"notNullable\":false,\"unsigned\":false},{\"name\":\"updated_at\",\"type\":\"datetime\",\"args\":[{\"useTz\":false,\"precision\":6}],\"defaultTo\":null,\"notNullable\":false,\"unsigned\":false},{\"name\":\"published_at\",\"type\":\"datetime\",\"args\":[{\"useTz\":false,\"precision\":6}],\"defaultTo\":null,\"notNullable\":false,\"unsigned\":false},{\"name\":\"created_by_id\",\"type\":\"integer\",\"args\":[],\"defaultTo\":null,\"notNullable\":false,\"unsigned\":true},{\"name\":\"updated_by_id\",\"type\":\"integer\",\"args\":[],\"defaultTo\":null,\"notNullable\":false,\"unsigned\":true},{\"name\":\"locale\",\"type\":\"string\",\"args\":[],\"defaultTo\":null,\"notNullable\":false,\"unsigned\":false}]},{\"name\":\"admin_users\",\"indexes\":[{\"name\":\"admin_users_documents_idx\",\"columns\":[\"document_id\",\"locale\",\"published_at\"]},{\"name\":\"admin_users_created_by_id_fk\",\"columns\":[\"created_by_id\"]},{\"name\":\"admin_users_updated_by_id_fk\",\"columns\":[\"updated_by_id\"]}],\"foreignKeys\":[{\"name\":\"admin_users_created_by_id_fk\",\"columns\":[\"created_by_id\"],\"referencedTable\":\"admin_users\",\"referencedColumns\":[\"id\"],\"onDelete\":\"SET NULL\"},{\"name\":\"admin_users_updated_by_id_fk\",\"columns\":[\"updated_by_id\"],\"referencedTable\":\"admin_users\",\"referencedColumns\":[\"id\"],\"onDelete\":\"SET NULL\"}],\"columns\":[{\"name\":\"id\",\"type\":\"increments\",\"args\":[{\"primary\":true,\"primaryKey\":true}],\"defaultTo\":null,\"notNullable\":true,\"unsigned\":false},{\"name\":\"document_id\",\"type\":\"string\",\"args\":[],\"defaultTo\":null,\"notNullable\":false,\"unsigned\":false},{\"name\":\"firstname\",\"type\":\"string\",\"args\":[],\"defaultTo\":null,\"notNullable\":false,\"unsigned\":false},{\"name\":\"lastname\",\"type\":\"string\",\"args\":[],\"defaultTo\":null,\"notNullable\":false,\"unsigned\":false},{\"name\":\"username\",\"type\":\"string\",\"args\":[],\"defaultTo\":null,\"notNullable\":false,\"unsigned\":false},{\"name\":\"email\",\"type\":\"string\",\"args\":[],\"defaultTo\":null,\"notNullable\":false,\"unsigned\":false},{\"name\":\"password\",\"type\":\"string\",\"args\":[],\"defaultTo\":null,\"notNullable\":false,\"unsigned\":false},{\"name\":\"reset_password_token\",\"type\":\"string\",\"args\":[],\"defaultTo\":null,\"notNullable\":false,\"unsigned\":false},{\"name\":\"registration_token\",\"type\":\"string\",\"args\":[],\"defaultTo\":null,\"notNullable\":false,\"unsigned\":false},{\"name\":\"is_active\",\"type\":\"boolean\",\"args\":[],\"defaultTo\":null,\"notNullable\":false,\"unsigned\":false},{\"name\":\"blocked\",\"type\":\"boolean\",\"args\":[],\"defaultTo\":null,\"notNullable\":false,\"unsigned\":false},{\"name\":\"prefered_language\",\"type\":\"string\",\"args\":[],\"defaultTo\":null,\"notNullable\":false,\"unsigned\":false},{\"name\":\"created_at\",\"type\":\"datetime\",\"args\":[{\"useTz\":false,\"precision\":6}],\"defaultTo\":null,\"notNullable\":false,\"unsigned\":false},{\"name\":\"updated_at\",\"type\":\"datetime\",\"args\":[{\"useTz\":false,\"precision\":6}],\"defaultTo\":null,\"notNullable\":false,\"unsigned\":false},{\"name\":\"published_at\",\"type\":\"datetime\",\"args\":[{\"useTz\":false,\"precision\":6}],\"defaultTo\":null,\"notNullable\":false,\"unsigned\":false},{\"name\":\"created_by_id\",\"type\":\"integer\",\"args\":[],\"defaultTo\":null,\"notNullable\":false,\"unsigned\":true},{\"name\":\"updated_by_id\",\"type\":\"integer\",\"args\":[],\"defaultTo\":null,\"notNullable\":false,\"unsigned\":true},{\"name\":\"locale\",\"type\":\"string\",\"args\":[],\"defaultTo\":null,\"notNullable\":false,\"unsigned\":false}]},{\"name\":\"admin_roles\",\"indexes\":[{\"name\":\"admin_roles_documents_idx\",\"columns\":[\"document_id\",\"locale\",\"published_at\"]},{\"name\":\"admin_roles_created_by_id_fk\",\"columns\":[\"created_by_id\"]},{\"name\":\"admin_roles_updated_by_id_fk\",\"columns\":[\"updated_by_id\"]}],\"foreignKeys\":[{\"name\":\"admin_roles_created_by_id_fk\",\"columns\":[\"created_by_id\"],\"referencedTable\":\"admin_users\",\"referencedColumns\":[\"id\"],\"onDelete\":\"SET NULL\"},{\"name\":\"admin_roles_updated_by_id_fk\",\"columns\":[\"updated_by_id\"],\"referencedTable\":\"admin_users\",\"referencedColumns\":[\"id\"],\"onDelete\":\"SET NULL\"}],\"columns\":[{\"name\":\"id\",\"type\":\"increments\",\"args\":[{\"primary\":true,\"primaryKey\":true}],\"defaultTo\":null,\"notNullable\":true,\"unsigned\":false},{\"name\":\"document_id\",\"type\":\"string\",\"args\":[],\"defaultTo\":null,\"notNullable\":false,\"unsigned\":false},{\"name\":\"name\",\"type\":\"string\",\"args\":[],\"defaultTo\":null,\"notNullable\":false,\"unsigned\":false},{\"name\":\"code\",\"type\":\"string\",\"args\":[],\"defaultTo\":null,\"notNullable\":false,\"unsigned\":false},{\"name\":\"description\",\"type\":\"string\",\"args\":[],\"defaultTo\":null,\"notNullable\":false,\"unsigned\":false},{\"name\":\"created_at\",\"type\":\"datetime\",\"args\":[{\"useTz\":false,\"precision\":6}],\"defaultTo\":null,\"notNullable\":false,\"unsigned\":false},{\"name\":\"updated_at\",\"type\":\"datetime\",\"args\":[{\"useTz\":false,\"precision\":6}],\"defaultTo\":null,\"notNullable\":false,\"unsigned\":false},{\"name\":\"published_at\",\"type\":\"datetime\",\"args\":[{\"useTz\":false,\"precision\":6}],\"defaultTo\":null,\"notNullable\":false,\"unsigned\":false},{\"name\":\"created_by_id\",\"type\":\"integer\",\"args\":[],\"defaultTo\":null,\"notNullable\":false,\"unsigned\":true},{\"name\":\"updated_by_id\",\"type\":\"integer\",\"args\":[],\"defaultTo\":null,\"notNullable\":false,\"unsigned\":true},{\"name\":\"locale\",\"type\":\"string\",\"args\":[],\"defaultTo\":null,\"notNullable\":false,\"unsigned\":false}]},{\"name\":\"strapi_api_tokens\",\"indexes\":[{\"name\":\"strapi_api_tokens_documents_idx\",\"columns\":[\"document_id\",\"locale\",\"published_at\"]},{\"name\":\"strapi_api_tokens_created_by_id_fk\",\"columns\":[\"created_by_id\"]},{\"name\":\"strapi_api_tokens_updated_by_id_fk\",\"columns\":[\"updated_by_id\"]}],\"foreignKeys\":[{\"name\":\"strapi_api_tokens_created_by_id_fk\",\"columns\":[\"created_by_id\"],\"referencedTable\":\"admin_users\",\"referencedColumns\":[\"id\"],\"onDelete\":\"SET NULL\"},{\"name\":\"strapi_api_tokens_updated_by_id_fk\",\"columns\":[\"updated_by_id\"],\"referencedTable\":\"admin_users\",\"referencedColumns\":[\"id\"],\"onDelete\":\"SET NULL\"}],\"columns\":[{\"name\":\"id\",\"type\":\"increments\",\"args\":[{\"primary\":true,\"primaryKey\":true}],\"defaultTo\":null,\"notNullable\":true,\"unsigned\":false},{\"name\":\"document_id\",\"type\":\"string\",\"args\":[],\"defaultTo\":null,\"notNullable\":false,\"unsigned\":false},{\"name\":\"name\",\"type\":\"string\",\"args\":[],\"defaultTo\":null,\"notNullable\":false,\"unsigned\":false},{\"name\":\"description\",\"type\":\"string\",\"args\":[],\"defaultTo\":null,\"notNullable\":false,\"unsigned\":false},{\"name\":\"type\",\"type\":\"string\",\"args\":[],\"defaultTo\":null,\"notNullable\":false,\"unsigned\":false},{\"name\":\"access_key\",\"type\":\"string\",\"args\":[],\"defaultTo\":null,\"notNullable\":false,\"unsigned\":false},{\"name\":\"encrypted_key\",\"type\":\"text\",\"args\":[\"longtext\"],\"defaultTo\":null,\"notNullable\":false,\"unsigned\":false},{\"name\":\"last_used_at\",\"type\":\"datetime\",\"args\":[{\"useTz\":false,\"precision\":6}],\"defaultTo\":null,\"notNullable\":false,\"unsigned\":false},{\"name\":\"expires_at\",\"type\":\"datetime\",\"args\":[{\"useTz\":false,\"precision\":6}],\"defaultTo\":null,\"notNullable\":false,\"unsigned\":false},{\"name\":\"lifespan\",\"type\":\"bigInteger\",\"args\":[],\"defaultTo\":null,\"notNullable\":false,\"unsigned\":false},{\"name\":\"created_at\",\"type\":\"datetime\",\"args\":[{\"useTz\":false,\"precision\":6}],\"defaultTo\":null,\"notNullable\":false,\"unsigned\":false},{\"name\":\"updated_at\",\"type\":\"datetime\",\"args\":[{\"useTz\":false,\"precision\":6}],\"defaultTo\":null,\"notNullable\":false,\"unsigned\":false},{\"name\":\"published_at\",\"type\":\"datetime\",\"args\":[{\"useTz\":false,\"precision\":6}],\"defaultTo\":null,\"notNullable\":false,\"unsigned\":false},{\"name\":\"created_by_id\",\"type\":\"integer\",\"args\":[],\"defaultTo\":null,\"notNullable\":false,\"unsigned\":true},{\"name\":\"updated_by_id\",\"type\":\"integer\",\"args\":[],\"defaultTo\":null,\"notNullable\":false,\"unsigned\":true},{\"name\":\"locale\",\"type\":\"string\",\"args\":[],\"defaultTo\":null,\"notNullable\":false,\"unsigned\":false}]},{\"name\":\"strapi_api_token_permissions\",\"indexes\":[{\"name\":\"strapi_api_token_permissions_documents_idx\",\"columns\":[\"document_id\",\"locale\",\"published_at\"]},{\"name\":\"strapi_api_token_permissions_created_by_id_fk\",\"columns\":[\"created_by_id\"]},{\"name\":\"strapi_api_token_permissions_updated_by_id_fk\",\"columns\":[\"updated_by_id\"]}],\"foreignKeys\":[{\"name\":\"strapi_api_token_permissions_created_by_id_fk\",\"columns\":[\"created_by_id\"],\"referencedTable\":\"admin_users\",\"referencedColumns\":[\"id\"],\"onDelete\":\"SET NULL\"},{\"name\":\"strapi_api_token_permissions_updated_by_id_fk\",\"columns\":[\"updated_by_id\"],\"referencedTable\":\"admin_users\",\"referencedColumns\":[\"id\"],\"onDelete\":\"SET NULL\"}],\"columns\":[{\"name\":\"id\",\"type\":\"increments\",\"args\":[{\"primary\":true,\"primaryKey\":true}],\"defaultTo\":null,\"notNullable\":true,\"unsigned\":false},{\"name\":\"document_id\",\"type\":\"string\",\"args\":[],\"defaultTo\":null,\"notNullable\":false,\"unsigned\":false},{\"name\":\"action\",\"type\":\"string\",\"args\":[],\"defaultTo\":null,\"notNullable\":false,\"unsigned\":false},{\"name\":\"created_at\",\"type\":\"datetime\",\"args\":[{\"useTz\":false,\"precision\":6}],\"defaultTo\":null,\"notNullable\":false,\"unsigned\":false},{\"name\":\"updated_at\",\"type\":\"datetime\",\"args\":[{\"useTz\":false,\"precision\":6}],\"defaultTo\":null,\"notNullable\":false,\"unsigned\":false},{\"name\":\"published_at\",\"type\":\"datetime\",\"args\":[{\"useTz\":false,\"precision\":6}],\"defaultTo\":null,\"notNullable\":false,\"unsigned\":false},{\"name\":\"created_by_id\",\"type\":\"integer\",\"args\":[],\"defaultTo\":null,\"notNullable\":false,\"unsigned\":true},{\"name\":\"updated_by_id\",\"type\":\"integer\",\"args\":[],\"defaultTo\":null,\"notNullable\":false,\"unsigned\":true},{\"name\":\"locale\",\"type\":\"string\",\"args\":[],\"defaultTo\":null,\"notNullable\":false,\"unsigned\":false}]},{\"name\":\"strapi_transfer_tokens\",\"indexes\":[{\"name\":\"strapi_transfer_tokens_documents_idx\",\"columns\":[\"document_id\",\"locale\",\"published_at\"]},{\"name\":\"strapi_transfer_tokens_created_by_id_fk\",\"columns\":[\"created_by_id\"]},{\"name\":\"strapi_transfer_tokens_updated_by_id_fk\",\"columns\":[\"updated_by_id\"]}],\"foreignKeys\":[{\"name\":\"strapi_transfer_tokens_created_by_id_fk\",\"columns\":[\"created_by_id\"],\"referencedTable\":\"admin_users\",\"referencedColumns\":[\"id\"],\"onDelete\":\"SET NULL\"},{\"name\":\"strapi_transfer_tokens_updated_by_id_fk\",\"columns\":[\"updated_by_id\"],\"referencedTable\":\"admin_users\",\"referencedColumns\":[\"id\"],\"onDelete\":\"SET NULL\"}],\"columns\":[{\"name\":\"id\",\"type\":\"increments\",\"args\":[{\"primary\":true,\"primaryKey\":true}],\"defaultTo\":null,\"notNullable\":true,\"unsigned\":false},{\"name\":\"document_id\",\"type\":\"string\",\"args\":[],\"defaultTo\":null,\"notNullable\":false,\"unsigned\":false},{\"name\":\"name\",\"type\":\"string\",\"args\":[],\"defaultTo\":null,\"notNullable\":false,\"unsigned\":false},{\"name\":\"description\",\"type\":\"string\",\"args\":[],\"defaultTo\":null,\"notNullable\":false,\"unsigned\":false},{\"name\":\"access_key\",\"type\":\"string\",\"args\":[],\"defaultTo\":null,\"notNullable\":false,\"unsigned\":false},{\"name\":\"last_used_at\",\"type\":\"datetime\",\"args\":[{\"useTz\":false,\"precision\":6}],\"defaultTo\":null,\"notNullable\":false,\"unsigned\":false},{\"name\":\"expires_at\",\"type\":\"datetime\",\"args\":[{\"useTz\":false,\"precision\":6}],\"defaultTo\":null,\"notNullable\":false,\"unsigned\":false},{\"name\":\"lifespan\",\"type\":\"bigInteger\",\"args\":[],\"defaultTo\":null,\"notNullable\":false,\"unsigned\":false},{\"name\":\"created_at\",\"type\":\"datetime\",\"args\":[{\"useTz\":false,\"precision\":6}],\"defaultTo\":null,\"notNullable\":false,\"unsigned\":false},{\"name\":\"updated_at\",\"type\":\"datetime\",\"args\":[{\"useTz\":false,\"precision\":6}],\"defaultTo\":null,\"notNullable\":false,\"unsigned\":false},{\"name\":\"published_at\",\"type\":\"datetime\",\"args\":[{\"useTz\":false,\"precision\":6}],\"defaultTo\":null,\"notNullable\":false,\"unsigned\":false},{\"name\":\"created_by_id\",\"type\":\"integer\",\"args\":[],\"defaultTo\":null,\"notNullable\":false,\"unsigned\":true},{\"name\":\"updated_by_id\",\"type\":\"integer\",\"args\":[],\"defaultTo\":null,\"notNullable\":false,\"unsigned\":true},{\"name\":\"locale\",\"type\":\"string\",\"args\":[],\"defaultTo\":null,\"notNullable\":false,\"unsigned\":false}]},{\"name\":\"strapi_transfer_token_permissions\",\"indexes\":[{\"name\":\"strapi_transfer_token_permissions_documents_idx\",\"columns\":[\"document_id\",\"locale\",\"published_at\"]},{\"name\":\"strapi_transfer_token_permissions_created_by_id_fk\",\"columns\":[\"created_by_id\"]},{\"name\":\"strapi_transfer_token_permissions_updated_by_id_fk\",\"columns\":[\"updated_by_id\"]}],\"foreignKeys\":[{\"name\":\"strapi_transfer_token_permissions_created_by_id_fk\",\"columns\":[\"created_by_id\"],\"referencedTable\":\"admin_users\",\"referencedColumns\":[\"id\"],\"onDelete\":\"SET NULL\"},{\"name\":\"strapi_transfer_token_permissions_updated_by_id_fk\",\"columns\":[\"updated_by_id\"],\"referencedTable\":\"admin_users\",\"referencedColumns\":[\"id\"],\"onDelete\":\"SET NULL\"}],\"columns\":[{\"name\":\"id\",\"type\":\"increments\",\"args\":[{\"primary\":true,\"primaryKey\":true}],\"defaultTo\":null,\"notNullable\":true,\"unsigned\":false},{\"name\":\"document_id\",\"type\":\"string\",\"args\":[],\"defaultTo\":null,\"notNullable\":false,\"unsigned\":false},{\"name\":\"action\",\"type\":\"string\",\"args\":[],\"defaultTo\":null,\"notNullable\":false,\"unsigned\":false},{\"name\":\"created_at\",\"type\":\"datetime\",\"args\":[{\"useTz\":false,\"precision\":6}],\"defaultTo\":null,\"notNullable\":false,\"unsigned\":false},{\"name\":\"updated_at\",\"type\":\"datetime\",\"args\":[{\"useTz\":false,\"precision\":6}],\"defaultTo\":null,\"notNullable\":false,\"unsigned\":false},{\"name\":\"published_at\",\"type\":\"datetime\",\"args\":[{\"useTz\":false,\"precision\":6}],\"defaultTo\":null,\"notNullable\":false,\"unsigned\":false},{\"name\":\"created_by_id\",\"type\":\"integer\",\"args\":[],\"defaultTo\":null,\"notNullable\":false,\"unsigned\":true},{\"name\":\"updated_by_id\",\"type\":\"integer\",\"args\":[],\"defaultTo\":null,\"notNullable\":false,\"unsigned\":true},{\"name\":\"locale\",\"type\":\"string\",\"args\":[],\"defaultTo\":null,\"notNullable\":false,\"unsigned\":false}]},{\"name\":\"strapi_core_store_settings\",\"indexes\":[],\"foreignKeys\":[],\"columns\":[{\"name\":\"id\",\"type\":\"increments\",\"args\":[{\"primary\":true,\"primaryKey\":true}],\"defaultTo\":null,\"notNullable\":true,\"unsigned\":false},{\"name\":\"key\",\"type\":\"string\",\"args\":[],\"defaultTo\":null,\"notNullable\":false,\"unsigned\":false},{\"name\":\"value\",\"type\":\"text\",\"args\":[\"longtext\"],\"defaultTo\":null,\"notNullable\":false,\"unsigned\":false},{\"name\":\"type\",\"type\":\"string\",\"args\":[],\"defaultTo\":null,\"notNullable\":false,\"unsigned\":false},{\"name\":\"environment\",\"type\":\"string\",\"args\":[],\"defaultTo\":null,\"notNullable\":false,\"unsigned\":false},{\"name\":\"tag\",\"type\":\"string\",\"args\":[],\"defaultTo\":null,\"notNullable\":false,\"unsigned\":false}]},{\"name\":\"strapi_webhooks\",\"indexes\":[],\"foreignKeys\":[],\"columns\":[{\"name\":\"id\",\"type\":\"increments\",\"args\":[{\"primary\":true,\"primaryKey\":true}],\"defaultTo\":null,\"notNullable\":true,\"unsigned\":false},{\"name\":\"name\",\"type\":\"string\",\"args\":[],\"defaultTo\":null,\"notNullable\":false,\"unsigned\":false},{\"name\":\"url\",\"type\":\"text\",\"args\":[\"longtext\"],\"defaultTo\":null,\"notNullable\":false,\"unsigned\":false},{\"name\":\"headers\",\"type\":\"jsonb\",\"args\":[],\"defaultTo\":null,\"notNullable\":false,\"unsigned\":false},{\"name\":\"events\",\"type\":\"jsonb\",\"args\":[],\"defaultTo\":null,\"notNullable\":false,\"unsigned\":false},{\"name\":\"enabled\",\"type\":\"boolean\",\"args\":[],\"defaultTo\":null,\"notNullable\":false,\"unsigned\":false}]},{\"name\":\"strapi_history_versions\",\"indexes\":[{\"name\":\"strapi_history_versions_created_by_id_fk\",\"columns\":[\"created_by_id\"]}],\"foreignKeys\":[{\"name\":\"strapi_history_versions_created_by_id_fk\",\"columns\":[\"created_by_id\"],\"referencedTable\":\"admin_users\",\"referencedColumns\":[\"id\"],\"onDelete\":\"SET NULL\"}],\"columns\":[{\"name\":\"id\",\"type\":\"increments\",\"args\":[{\"primary\":true,\"primaryKey\":true}],\"defaultTo\":null,\"notNullable\":true,\"unsigned\":false},{\"name\":\"content_type\",\"type\":\"string\",\"args\":[],\"defaultTo\":null,\"notNullable\":true,\"unsigned\":false},{\"name\":\"related_document_id\",\"type\":\"string\",\"args\":[],\"defaultTo\":null,\"notNullable\":false,\"unsigned\":false},{\"name\":\"locale\",\"type\":\"string\",\"args\":[],\"defaultTo\":null,\"notNullable\":false,\"unsigned\":false},{\"name\":\"status\",\"type\":\"string\",\"args\":[],\"defaultTo\":null,\"notNullable\":false,\"unsigned\":false},{\"name\":\"data\",\"type\":\"jsonb\",\"args\":[],\"defaultTo\":null,\"notNullable\":false,\"unsigned\":false},{\"name\":\"schema\",\"type\":\"jsonb\",\"args\":[],\"defaultTo\":null,\"notNullable\":false,\"unsigned\":false},{\"name\":\"created_at\",\"type\":\"datetime\",\"args\":[{\"useTz\":false,\"precision\":6}],\"defaultTo\":null,\"notNullable\":false,\"unsigned\":false},{\"name\":\"created_by_id\",\"type\":\"integer\",\"args\":[],\"defaultTo\":null,\"notNullable\":false,\"unsigned\":true}]},{\"name\":\"files_related_mph\",\"indexes\":[{\"name\":\"files_related_mph_fk\",\"columns\":[\"file_id\"]},{\"name\":\"files_related_mph_oidx\",\"columns\":[\"order\"]},{\"name\":\"files_related_mph_idix\",\"columns\":[\"related_id\"]}],\"foreignKeys\":[{\"name\":\"files_related_mph_fk\",\"columns\":[\"file_id\"],\"referencedColumns\":[\"id\"],\"referencedTable\":\"files\",\"onDelete\":\"CASCADE\"}],\"columns\":[{\"name\":\"id\",\"type\":\"increments\",\"args\":[{\"primary\":true,\"primaryKey\":true}],\"defaultTo\":null,\"notNullable\":true,\"unsigned\":false},{\"name\":\"file_id\",\"type\":\"integer\",\"args\":[],\"defaultTo\":null,\"notNullable\":false,\"unsigned\":true},{\"name\":\"related_id\",\"type\":\"integer\",\"args\":[],\"defaultTo\":null,\"notNullable\":false,\"unsigned\":true},{\"name\":\"related_type\",\"type\":\"string\",\"args\":[],\"defaultTo\":null,\"notNullable\":false,\"unsigned\":false},{\"name\":\"field\",\"type\":\"string\",\"args\":[],\"defaultTo\":null,\"notNullable\":false,\"unsigned\":false},{\"name\":\"order\",\"type\":\"double\",\"args\":[],\"defaultTo\":null,\"notNullable\":false,\"unsigned\":true}]},{\"name\":\"files_folder_lnk\",\"indexes\":[{\"name\":\"files_folder_lnk_fk\",\"columns\":[\"file_id\"]},{\"name\":\"files_folder_lnk_ifk\",\"columns\":[\"folder_id\"]},{\"name\":\"files_folder_lnk_uq\",\"columns\":[\"file_id\",\"folder_id\"],\"type\":\"unique\"},{\"name\":\"files_folder_lnk_oifk\",\"columns\":[\"file_ord\"]}],\"foreignKeys\":[{\"name\":\"files_folder_lnk_fk\",\"columns\":[\"file_id\"],\"referencedColumns\":[\"id\"],\"referencedTable\":\"files\",\"onDelete\":\"CASCADE\"},{\"name\":\"files_folder_lnk_ifk\",\"columns\":[\"folder_id\"],\"referencedColumns\":[\"id\"],\"referencedTable\":\"upload_folders\",\"onDelete\":\"CASCADE\"}],\"columns\":[{\"name\":\"id\",\"type\":\"increments\",\"args\":[{\"primary\":true,\"primaryKey\":true}],\"defaultTo\":null,\"notNullable\":true,\"unsigned\":false},{\"name\":\"file_id\",\"type\":\"integer\",\"args\":[],\"defaultTo\":null,\"notNullable\":false,\"unsigned\":true},{\"name\":\"folder_id\",\"type\":\"integer\",\"args\":[],\"defaultTo\":null,\"notNullable\":false,\"unsigned\":true},{\"name\":\"file_ord\",\"type\":\"double\",\"args\":[],\"defaultTo\":null,\"notNullable\":false,\"unsigned\":true}]},{\"name\":\"upload_folders_parent_lnk\",\"indexes\":[{\"name\":\"upload_folders_parent_lnk_fk\",\"columns\":[\"folder_id\"]},{\"name\":\"upload_folders_parent_lnk_ifk\",\"columns\":[\"inv_folder_id\"]},{\"name\":\"upload_folders_parent_lnk_uq\",\"columns\":[\"folder_id\",\"inv_folder_id\"],\"type\":\"unique\"},{\"name\":\"upload_folders_parent_lnk_oifk\",\"columns\":[\"folder_ord\"]}],\"foreignKeys\":[{\"name\":\"upload_folders_parent_lnk_fk\",\"columns\":[\"folder_id\"],\"referencedColumns\":[\"id\"],\"referencedTable\":\"upload_folders\",\"onDelete\":\"CASCADE\"},{\"name\":\"upload_folders_parent_lnk_ifk\",\"columns\":[\"inv_folder_id\"],\"referencedColumns\":[\"id\"],\"referencedTable\":\"upload_folders\",\"onDelete\":\"CASCADE\"}],\"columns\":[{\"name\":\"id\",\"type\":\"increments\",\"args\":[{\"primary\":true,\"primaryKey\":true}],\"defaultTo\":null,\"notNullable\":true,\"unsigned\":false},{\"name\":\"folder_id\",\"type\":\"integer\",\"args\":[],\"defaultTo\":null,\"notNullable\":false,\"unsigned\":true},{\"name\":\"inv_folder_id\",\"type\":\"integer\",\"args\":[],\"defaultTo\":null,\"notNullable\":false,\"unsigned\":true},{\"name\":\"folder_ord\",\"type\":\"double\",\"args\":[],\"defaultTo\":null,\"notNullable\":false,\"unsigned\":true}]},{\"name\":\"strapi_release_actions_release_lnk\",\"indexes\":[{\"name\":\"strapi_release_actions_release_lnk_fk\",\"columns\":[\"release_action_id\"]},{\"name\":\"strapi_release_actions_release_lnk_ifk\",\"columns\":[\"release_id\"]},{\"name\":\"strapi_release_actions_release_lnk_uq\",\"columns\":[\"release_action_id\",\"release_id\"],\"type\":\"unique\"},{\"name\":\"strapi_release_actions_release_lnk_oifk\",\"columns\":[\"release_action_ord\"]}],\"foreignKeys\":[{\"name\":\"strapi_release_actions_release_lnk_fk\",\"columns\":[\"release_action_id\"],\"referencedColumns\":[\"id\"],\"referencedTable\":\"strapi_release_actions\",\"onDelete\":\"CASCADE\"},{\"name\":\"strapi_release_actions_release_lnk_ifk\",\"columns\":[\"release_id\"],\"referencedColumns\":[\"id\"],\"referencedTable\":\"strapi_releases\",\"onDelete\":\"CASCADE\"}],\"columns\":[{\"name\":\"id\",\"type\":\"increments\",\"args\":[{\"primary\":true,\"primaryKey\":true}],\"defaultTo\":null,\"notNullable\":true,\"unsigned\":false},{\"name\":\"release_action_id\",\"type\":\"integer\",\"args\":[],\"defaultTo\":null,\"notNullable\":false,\"unsigned\":true},{\"name\":\"release_id\",\"type\":\"integer\",\"args\":[],\"defaultTo\":null,\"notNullable\":false,\"unsigned\":true},{\"name\":\"release_action_ord\",\"type\":\"double\",\"args\":[],\"defaultTo\":null,\"notNullable\":false,\"unsigned\":true}]},{\"name\":\"strapi_workflows_stage_required_to_publish_lnk\",\"indexes\":[{\"name\":\"strapi_workflows_stage_required_to_publish_lnk_fk\",\"columns\":[\"workflow_id\"]},{\"name\":\"strapi_workflows_stage_required_to_publish_lnk_ifk\",\"columns\":[\"workflow_stage_id\"]},{\"name\":\"strapi_workflows_stage_required_to_publish_lnk_uq\",\"columns\":[\"workflow_id\",\"workflow_stage_id\"],\"type\":\"unique\"}],\"foreignKeys\":[{\"name\":\"strapi_workflows_stage_required_to_publish_lnk_fk\",\"columns\":[\"workflow_id\"],\"referencedColumns\":[\"id\"],\"referencedTable\":\"strapi_workflows\",\"onDelete\":\"CASCADE\"},{\"name\":\"strapi_workflows_stage_required_to_publish_lnk_ifk\",\"columns\":[\"workflow_stage_id\"],\"referencedColumns\":[\"id\"],\"referencedTable\":\"strapi_workflows_stages\",\"onDelete\":\"CASCADE\"}],\"columns\":[{\"name\":\"id\",\"type\":\"increments\",\"args\":[{\"primary\":true,\"primaryKey\":true}],\"defaultTo\":null,\"notNullable\":true,\"unsigned\":false},{\"name\":\"workflow_id\",\"type\":\"integer\",\"args\":[],\"defaultTo\":null,\"notNullable\":false,\"unsigned\":true},{\"name\":\"workflow_stage_id\",\"type\":\"integer\",\"args\":[],\"defaultTo\":null,\"notNullable\":false,\"unsigned\":true}]},{\"name\":\"strapi_workflows_stages_workflow_lnk\",\"indexes\":[{\"name\":\"strapi_workflows_stages_workflow_lnk_fk\",\"columns\":[\"workflow_stage_id\"]},{\"name\":\"strapi_workflows_stages_workflow_lnk_ifk\",\"columns\":[\"workflow_id\"]},{\"name\":\"strapi_workflows_stages_workflow_lnk_uq\",\"columns\":[\"workflow_stage_id\",\"workflow_id\"],\"type\":\"unique\"},{\"name\":\"strapi_workflows_stages_workflow_lnk_oifk\",\"columns\":[\"workflow_stage_ord\"]}],\"foreignKeys\":[{\"name\":\"strapi_workflows_stages_workflow_lnk_fk\",\"columns\":[\"workflow_stage_id\"],\"referencedColumns\":[\"id\"],\"referencedTable\":\"strapi_workflows_stages\",\"onDelete\":\"CASCADE\"},{\"name\":\"strapi_workflows_stages_workflow_lnk_ifk\",\"columns\":[\"workflow_id\"],\"referencedColumns\":[\"id\"],\"referencedTable\":\"strapi_workflows\",\"onDelete\":\"CASCADE\"}],\"columns\":[{\"name\":\"id\",\"type\":\"increments\",\"args\":[{\"primary\":true,\"primaryKey\":true}],\"defaultTo\":null,\"notNullable\":true,\"unsigned\":false},{\"name\":\"workflow_stage_id\",\"type\":\"integer\",\"args\":[],\"defaultTo\":null,\"notNullable\":false,\"unsigned\":true},{\"name\":\"workflow_id\",\"type\":\"integer\",\"args\":[],\"defaultTo\":null,\"notNullable\":false,\"unsigned\":true},{\"name\":\"workflow_stage_ord\",\"type\":\"double\",\"args\":[],\"defaultTo\":null,\"notNullable\":false,\"unsigned\":true}]},{\"name\":\"strapi_workflows_stages_permissions_lnk\",\"indexes\":[{\"name\":\"strapi_workflows_stages_permissions_lnk_fk\",\"columns\":[\"workflow_stage_id\"]},{\"name\":\"strapi_workflows_stages_permissions_lnk_ifk\",\"columns\":[\"permission_id\"]},{\"name\":\"strapi_workflows_stages_permissions_lnk_uq\",\"columns\":[\"workflow_stage_id\",\"permission_id\"],\"type\":\"unique\"},{\"name\":\"strapi_workflows_stages_permissions_lnk_ofk\",\"columns\":[\"permission_ord\"]}],\"foreignKeys\":[{\"name\":\"strapi_workflows_stages_permissions_lnk_fk\",\"columns\":[\"workflow_stage_id\"],\"referencedColumns\":[\"id\"],\"referencedTable\":\"strapi_workflows_stages\",\"onDelete\":\"CASCADE\"},{\"name\":\"strapi_workflows_stages_permissions_lnk_ifk\",\"columns\":[\"permission_id\"],\"referencedColumns\":[\"id\"],\"referencedTable\":\"admin_permissions\",\"onDelete\":\"CASCADE\"}],\"columns\":[{\"name\":\"id\",\"type\":\"increments\",\"args\":[{\"primary\":true,\"primaryKey\":true}],\"defaultTo\":null,\"notNullable\":true,\"unsigned\":false},{\"name\":\"workflow_stage_id\",\"type\":\"integer\",\"args\":[],\"defaultTo\":null,\"notNullable\":false,\"unsigned\":true},{\"name\":\"permission_id\",\"type\":\"integer\",\"args\":[],\"defaultTo\":null,\"notNullable\":false,\"unsigned\":true},{\"name\":\"permission_ord\",\"type\":\"double\",\"args\":[],\"defaultTo\":null,\"notNullable\":false,\"unsigned\":true}]},{\"name\":\"up_permissions_role_lnk\",\"indexes\":[{\"name\":\"up_permissions_role_lnk_fk\",\"columns\":[\"permission_id\"]},{\"name\":\"up_permissions_role_lnk_ifk\",\"columns\":[\"role_id\"]},{\"name\":\"up_permissions_role_lnk_uq\",\"columns\":[\"permission_id\",\"role_id\"],\"type\":\"unique\"},{\"name\":\"up_permissions_role_lnk_oifk\",\"columns\":[\"permission_ord\"]}],\"foreignKeys\":[{\"name\":\"up_permissions_role_lnk_fk\",\"columns\":[\"permission_id\"],\"referencedColumns\":[\"id\"],\"referencedTable\":\"up_permissions\",\"onDelete\":\"CASCADE\"},{\"name\":\"up_permissions_role_lnk_ifk\",\"columns\":[\"role_id\"],\"referencedColumns\":[\"id\"],\"referencedTable\":\"up_roles\",\"onDelete\":\"CASCADE\"}],\"columns\":[{\"name\":\"id\",\"type\":\"increments\",\"args\":[{\"primary\":true,\"primaryKey\":true}],\"defaultTo\":null,\"notNullable\":true,\"unsigned\":false},{\"name\":\"permission_id\",\"type\":\"integer\",\"args\":[],\"defaultTo\":null,\"notNullable\":false,\"unsigned\":true},{\"name\":\"role_id\",\"type\":\"integer\",\"args\":[],\"defaultTo\":null,\"notNullable\":false,\"unsigned\":true},{\"name\":\"permission_ord\",\"type\":\"double\",\"args\":[],\"defaultTo\":null,\"notNullable\":false,\"unsigned\":true}]},{\"name\":\"up_users_role_lnk\",\"indexes\":[{\"name\":\"up_users_role_lnk_fk\",\"columns\":[\"user_id\"]},{\"name\":\"up_users_role_lnk_ifk\",\"columns\":[\"role_id\"]},{\"name\":\"up_users_role_lnk_uq\",\"columns\":[\"user_id\",\"role_id\"],\"type\":\"unique\"},{\"name\":\"up_users_role_lnk_oifk\",\"columns\":[\"user_ord\"]}],\"foreignKeys\":[{\"name\":\"up_users_role_lnk_fk\",\"columns\":[\"user_id\"],\"referencedColumns\":[\"id\"],\"referencedTable\":\"up_users\",\"onDelete\":\"CASCADE\"},{\"name\":\"up_users_role_lnk_ifk\",\"columns\":[\"role_id\"],\"referencedColumns\":[\"id\"],\"referencedTable\":\"up_roles\",\"onDelete\":\"CASCADE\"}],\"columns\":[{\"name\":\"id\",\"type\":\"increments\",\"args\":[{\"primary\":true,\"primaryKey\":true}],\"defaultTo\":null,\"notNullable\":true,\"unsigned\":false},{\"name\":\"user_id\",\"type\":\"integer\",\"args\":[],\"defaultTo\":null,\"notNullable\":false,\"unsigned\":true},{\"name\":\"role_id\",\"type\":\"integer\",\"args\":[],\"defaultTo\":null,\"notNullable\":false,\"unsigned\":true},{\"name\":\"user_ord\",\"type\":\"double\",\"args\":[],\"defaultTo\":null,\"notNullable\":false,\"unsigned\":true}]},{\"name\":\"lessons_teacher_lnk\",\"indexes\":[{\"name\":\"lessons_teacher_lnk_fk\",\"columns\":[\"lesson_id\"]},{\"name\":\"lessons_teacher_lnk_ifk\",\"columns\":[\"teacher_id\"]},{\"name\":\"lessons_teacher_lnk_uq\",\"columns\":[\"lesson_id\",\"teacher_id\"],\"type\":\"unique\"},{\"name\":\"lessons_teacher_lnk_oifk\",\"columns\":[\"lesson_ord\"]}],\"foreignKeys\":[{\"name\":\"lessons_teacher_lnk_fk\",\"columns\":[\"lesson_id\"],\"referencedColumns\":[\"id\"],\"referencedTable\":\"lessons\",\"onDelete\":\"CASCADE\"},{\"name\":\"lessons_teacher_lnk_ifk\",\"columns\":[\"teacher_id\"],\"referencedColumns\":[\"id\"],\"referencedTable\":\"teachers\",\"onDelete\":\"CASCADE\"}],\"columns\":[{\"name\":\"id\",\"type\":\"increments\",\"args\":[{\"primary\":true,\"primaryKey\":true}],\"defaultTo\":null,\"notNullable\":true,\"unsigned\":false},{\"name\":\"lesson_id\",\"type\":\"integer\",\"args\":[],\"defaultTo\":null,\"notNullable\":false,\"unsigned\":true},{\"name\":\"teacher_id\",\"type\":\"integer\",\"args\":[],\"defaultTo\":null,\"notNullable\":false,\"unsigned\":true},{\"name\":\"lesson_ord\",\"type\":\"double\",\"args\":[],\"defaultTo\":null,\"notNullable\":false,\"unsigned\":true}]},{\"name\":\"lessons_student_lessons_lnk\",\"indexes\":[{\"name\":\"lessons_student_lessons_lnk_fk\",\"columns\":[\"lesson_id\"]},{\"name\":\"lessons_student_lessons_lnk_ifk\",\"columns\":[\"student_lesson_id\"]},{\"name\":\"lessons_student_lessons_lnk_uq\",\"columns\":[\"lesson_id\",\"student_lesson_id\"],\"type\":\"unique\"},{\"name\":\"lessons_student_lessons_lnk_ofk\",\"columns\":[\"student_lesson_ord\"]},{\"name\":\"lessons_student_lessons_lnk_oifk\",\"columns\":[\"lesson_ord\"]}],\"foreignKeys\":[{\"name\":\"lessons_student_lessons_lnk_fk\",\"columns\":[\"lesson_id\"],\"referencedColumns\":[\"id\"],\"referencedTable\":\"lessons\",\"onDelete\":\"CASCADE\"},{\"name\":\"lessons_student_lessons_lnk_ifk\",\"columns\":[\"student_lesson_id\"],\"referencedColumns\":[\"id\"],\"referencedTable\":\"student_lessons\",\"onDelete\":\"CASCADE\"}],\"columns\":[{\"name\":\"id\",\"type\":\"increments\",\"args\":[{\"primary\":true,\"primaryKey\":true}],\"defaultTo\":null,\"notNullable\":true,\"unsigned\":false},{\"name\":\"lesson_id\",\"type\":\"integer\",\"args\":[],\"defaultTo\":null,\"notNullable\":false,\"unsigned\":true},{\"name\":\"student_lesson_id\",\"type\":\"integer\",\"args\":[],\"defaultTo\":null,\"notNullable\":false,\"unsigned\":true},{\"name\":\"student_lesson_ord\",\"type\":\"double\",\"args\":[],\"defaultTo\":null,\"notNullable\":false,\"unsigned\":true},{\"name\":\"lesson_ord\",\"type\":\"double\",\"args\":[],\"defaultTo\":null,\"notNullable\":false,\"unsigned\":true}]},{\"name\":\"students_student_lessons_lnk\",\"indexes\":[{\"name\":\"students_student_lessons_lnk_fk\",\"columns\":[\"student_id\"]},{\"name\":\"students_student_lessons_lnk_ifk\",\"columns\":[\"student_lesson_id\"]},{\"name\":\"students_student_lessons_lnk_uq\",\"columns\":[\"student_id\",\"student_lesson_id\"],\"type\":\"unique\"},{\"name\":\"students_student_lessons_lnk_ofk\",\"columns\":[\"student_lesson_ord\"]},{\"name\":\"students_student_lessons_lnk_oifk\",\"columns\":[\"student_ord\"]}],\"foreignKeys\":[{\"name\":\"students_student_lessons_lnk_fk\",\"columns\":[\"student_id\"],\"referencedColumns\":[\"id\"],\"referencedTable\":\"students\",\"onDelete\":\"CASCADE\"},{\"name\":\"students_student_lessons_lnk_ifk\",\"columns\":[\"student_lesson_id\"],\"referencedColumns\":[\"id\"],\"referencedTable\":\"student_lessons\",\"onDelete\":\"CASCADE\"}],\"columns\":[{\"name\":\"id\",\"type\":\"increments\",\"args\":[{\"primary\":true,\"primaryKey\":true}],\"defaultTo\":null,\"notNullable\":true,\"unsigned\":false},{\"name\":\"student_id\",\"type\":\"integer\",\"args\":[],\"defaultTo\":null,\"notNullable\":false,\"unsigned\":true},{\"name\":\"student_lesson_id\",\"type\":\"integer\",\"args\":[],\"defaultTo\":null,\"notNullable\":false,\"unsigned\":true},{\"name\":\"student_lesson_ord\",\"type\":\"double\",\"args\":[],\"defaultTo\":null,\"notNullable\":false,\"unsigned\":true},{\"name\":\"student_ord\",\"type\":\"double\",\"args\":[],\"defaultTo\":null,\"notNullable\":false,\"unsigned\":true}]},{\"name\":\"admin_permissions_role_lnk\",\"indexes\":[{\"name\":\"admin_permissions_role_lnk_fk\",\"columns\":[\"permission_id\"]},{\"name\":\"admin_permissions_role_lnk_ifk\",\"columns\":[\"role_id\"]},{\"name\":\"admin_permissions_role_lnk_uq\",\"columns\":[\"permission_id\",\"role_id\"],\"type\":\"unique\"},{\"name\":\"admin_permissions_role_lnk_oifk\",\"columns\":[\"permission_ord\"]}],\"foreignKeys\":[{\"name\":\"admin_permissions_role_lnk_fk\",\"columns\":[\"permission_id\"],\"referencedColumns\":[\"id\"],\"referencedTable\":\"admin_permissions\",\"onDelete\":\"CASCADE\"},{\"name\":\"admin_permissions_role_lnk_ifk\",\"columns\":[\"role_id\"],\"referencedColumns\":[\"id\"],\"referencedTable\":\"admin_roles\",\"onDelete\":\"CASCADE\"}],\"columns\":[{\"name\":\"id\",\"type\":\"increments\",\"args\":[{\"primary\":true,\"primaryKey\":true}],\"defaultTo\":null,\"notNullable\":true,\"unsigned\":false},{\"name\":\"permission_id\",\"type\":\"integer\",\"args\":[],\"defaultTo\":null,\"notNullable\":false,\"unsigned\":true},{\"name\":\"role_id\",\"type\":\"integer\",\"args\":[],\"defaultTo\":null,\"notNullable\":false,\"unsigned\":true},{\"name\":\"permission_ord\",\"type\":\"double\",\"args\":[],\"defaultTo\":null,\"notNullable\":false,\"unsigned\":true}]},{\"name\":\"admin_users_roles_lnk\",\"indexes\":[{\"name\":\"admin_users_roles_lnk_fk\",\"columns\":[\"user_id\"]},{\"name\":\"admin_users_roles_lnk_ifk\",\"columns\":[\"role_id\"]},{\"name\":\"admin_users_roles_lnk_uq\",\"columns\":[\"user_id\",\"role_id\"],\"type\":\"unique\"},{\"name\":\"admin_users_roles_lnk_ofk\",\"columns\":[\"role_ord\"]},{\"name\":\"admin_users_roles_lnk_oifk\",\"columns\":[\"user_ord\"]}],\"foreignKeys\":[{\"name\":\"admin_users_roles_lnk_fk\",\"columns\":[\"user_id\"],\"referencedColumns\":[\"id\"],\"referencedTable\":\"admin_users\",\"onDelete\":\"CASCADE\"},{\"name\":\"admin_users_roles_lnk_ifk\",\"columns\":[\"role_id\"],\"referencedColumns\":[\"id\"],\"referencedTable\":\"admin_roles\",\"onDelete\":\"CASCADE\"}],\"columns\":[{\"name\":\"id\",\"type\":\"increments\",\"args\":[{\"primary\":true,\"primaryKey\":true}],\"defaultTo\":null,\"notNullable\":true,\"unsigned\":false},{\"name\":\"user_id\",\"type\":\"integer\",\"args\":[],\"defaultTo\":null,\"notNullable\":false,\"unsigned\":true},{\"name\":\"role_id\",\"type\":\"integer\",\"args\":[],\"defaultTo\":null,\"notNullable\":false,\"unsigned\":true},{\"name\":\"role_ord\",\"type\":\"double\",\"args\":[],\"defaultTo\":null,\"notNullable\":false,\"unsigned\":true},{\"name\":\"user_ord\",\"type\":\"double\",\"args\":[],\"defaultTo\":null,\"notNullable\":false,\"unsigned\":true}]},{\"name\":\"strapi_api_token_permissions_token_lnk\",\"indexes\":[{\"name\":\"strapi_api_token_permissions_token_lnk_fk\",\"columns\":[\"api_token_permission_id\"]},{\"name\":\"strapi_api_token_permissions_token_lnk_ifk\",\"columns\":[\"api_token_id\"]},{\"name\":\"strapi_api_token_permissions_token_lnk_uq\",\"columns\":[\"api_token_permission_id\",\"api_token_id\"],\"type\":\"unique\"},{\"name\":\"strapi_api_token_permissions_token_lnk_oifk\",\"columns\":[\"api_token_permission_ord\"]}],\"foreignKeys\":[{\"name\":\"strapi_api_token_permissions_token_lnk_fk\",\"columns\":[\"api_token_permission_id\"],\"referencedColumns\":[\"id\"],\"referencedTable\":\"strapi_api_token_permissions\",\"onDelete\":\"CASCADE\"},{\"name\":\"strapi_api_token_permissions_token_lnk_ifk\",\"columns\":[\"api_token_id\"],\"referencedColumns\":[\"id\"],\"referencedTable\":\"strapi_api_tokens\",\"onDelete\":\"CASCADE\"}],\"columns\":[{\"name\":\"id\",\"type\":\"increments\",\"args\":[{\"primary\":true,\"primaryKey\":true}],\"defaultTo\":null,\"notNullable\":true,\"unsigned\":false},{\"name\":\"api_token_permission_id\",\"type\":\"integer\",\"args\":[],\"defaultTo\":null,\"notNullable\":false,\"unsigned\":true},{\"name\":\"api_token_id\",\"type\":\"integer\",\"args\":[],\"defaultTo\":null,\"notNullable\":false,\"unsigned\":true},{\"name\":\"api_token_permission_ord\",\"type\":\"double\",\"args\":[],\"defaultTo\":null,\"notNullable\":false,\"unsigned\":true}]},{\"name\":\"strapi_transfer_token_permissions_token_lnk\",\"indexes\":[{\"name\":\"strapi_transfer_token_permissions_token_lnk_fk\",\"columns\":[\"transfer_token_permission_id\"]},{\"name\":\"strapi_transfer_token_permissions_token_lnk_ifk\",\"columns\":[\"transfer_token_id\"]},{\"name\":\"strapi_transfer_token_permissions_token_lnk_uq\",\"columns\":[\"transfer_token_permission_id\",\"transfer_token_id\"],\"type\":\"unique\"},{\"name\":\"strapi_transfer_token_permissions_token_lnk_oifk\",\"columns\":[\"transfer_token_permission_ord\"]}],\"foreignKeys\":[{\"name\":\"strapi_transfer_token_permissions_token_lnk_fk\",\"columns\":[\"transfer_token_permission_id\"],\"referencedColumns\":[\"id\"],\"referencedTable\":\"strapi_transfer_token_permissions\",\"onDelete\":\"CASCADE\"},{\"name\":\"strapi_transfer_token_permissions_token_lnk_ifk\",\"columns\":[\"transfer_token_id\"],\"referencedColumns\":[\"id\"],\"referencedTable\":\"strapi_transfer_tokens\",\"onDelete\":\"CASCADE\"}],\"columns\":[{\"name\":\"id\",\"type\":\"increments\",\"args\":[{\"primary\":true,\"primaryKey\":true}],\"defaultTo\":null,\"notNullable\":true,\"unsigned\":false},{\"name\":\"transfer_token_permission_id\",\"type\":\"integer\",\"args\":[],\"defaultTo\":null,\"notNullable\":false,\"unsigned\":true},{\"name\":\"transfer_token_id\",\"type\":\"integer\",\"args\":[],\"defaultTo\":null,\"notNullable\":false,\"unsigned\":true},{\"name\":\"transfer_token_permission_ord\",\"type\":\"double\",\"args\":[],\"defaultTo\":null,\"notNullable\":false,\"unsigned\":true}]}]}', '2025-12-02 17:34:56', 'a5fd22c6362d85a77eec51465701e8fe67c056a6def578ec0a54b899797dc05f');

-- --------------------------------------------------------

--
-- Struktur dari tabel `strapi_history_versions`
--

CREATE TABLE `strapi_history_versions` (
  `id` int(10) UNSIGNED NOT NULL,
  `content_type` varchar(255) NOT NULL,
  `related_document_id` varchar(255) DEFAULT NULL,
  `locale` varchar(255) DEFAULT NULL,
  `status` varchar(255) DEFAULT NULL,
  `data` longtext CHARACTER SET utf8mb4 COLLATE utf8mb4_bin DEFAULT NULL CHECK (json_valid(`data`)),
  `schema` longtext CHARACTER SET utf8mb4 COLLATE utf8mb4_bin DEFAULT NULL CHECK (json_valid(`schema`)),
  `created_at` datetime(6) DEFAULT NULL,
  `created_by_id` int(10) UNSIGNED DEFAULT NULL
) ENGINE=InnoDB DEFAULT CHARSET=utf8mb4 COLLATE=utf8mb4_general_ci;

-- --------------------------------------------------------

--
-- Struktur dari tabel `strapi_migrations`
--

CREATE TABLE `strapi_migrations` (
  `id` int(10) UNSIGNED NOT NULL,
  `name` varchar(255) DEFAULT NULL,
  `time` datetime DEFAULT NULL
) ENGINE=InnoDB DEFAULT CHARSET=utf8mb4 COLLATE=utf8mb4_general_ci;

-- --------------------------------------------------------

--
-- Struktur dari tabel `strapi_migrations_internal`
--

CREATE TABLE `strapi_migrations_internal` (
  `id` int(10) UNSIGNED NOT NULL,
  `name` varchar(255) DEFAULT NULL,
  `time` datetime DEFAULT NULL
) ENGINE=InnoDB DEFAULT CHARSET=utf8mb4 COLLATE=utf8mb4_general_ci;

--
-- Dumping data untuk tabel `strapi_migrations_internal`
--

INSERT INTO `strapi_migrations_internal` (`id`, `name`, `time`) VALUES
(1, '5.0.0-rename-identifiers-longer-than-max-length', '2025-12-02 17:34:51'),
(2, '5.0.0-02-created-document-id', '2025-12-02 17:34:51'),
(3, '5.0.0-03-created-locale', '2025-12-02 17:34:52'),
(4, '5.0.0-04-created-published-at', '2025-12-02 17:34:52'),
(5, '5.0.0-05-drop-slug-fields-index', '2025-12-02 17:34:52'),
(6, 'core::5.0.0-discard-drafts', '2025-12-02 17:34:52');

-- --------------------------------------------------------

--
-- Struktur dari tabel `strapi_releases`
--

CREATE TABLE `strapi_releases` (
  `id` int(10) UNSIGNED NOT NULL,
  `document_id` varchar(255) DEFAULT NULL,
  `name` varchar(255) DEFAULT NULL,
  `released_at` datetime(6) DEFAULT NULL,
  `scheduled_at` datetime(6) DEFAULT NULL,
  `timezone` varchar(255) DEFAULT NULL,
  `status` varchar(255) DEFAULT NULL,
  `created_at` datetime(6) DEFAULT NULL,
  `updated_at` datetime(6) DEFAULT NULL,
  `published_at` datetime(6) DEFAULT NULL,
  `created_by_id` int(10) UNSIGNED DEFAULT NULL,
  `updated_by_id` int(10) UNSIGNED DEFAULT NULL,
  `locale` varchar(255) DEFAULT NULL
) ENGINE=InnoDB DEFAULT CHARSET=utf8mb4 COLLATE=utf8mb4_general_ci;

-- --------------------------------------------------------

--
-- Struktur dari tabel `strapi_release_actions`
--

CREATE TABLE `strapi_release_actions` (
  `id` int(10) UNSIGNED NOT NULL,
  `document_id` varchar(255) DEFAULT NULL,
  `type` varchar(255) DEFAULT NULL,
  `content_type` varchar(255) DEFAULT NULL,
  `entry_document_id` varchar(255) DEFAULT NULL,
  `locale` varchar(255) DEFAULT NULL,
  `is_entry_valid` tinyint(1) DEFAULT NULL,
  `created_at` datetime(6) DEFAULT NULL,
  `updated_at` datetime(6) DEFAULT NULL,
  `published_at` datetime(6) DEFAULT NULL,
  `created_by_id` int(10) UNSIGNED DEFAULT NULL,
  `updated_by_id` int(10) UNSIGNED DEFAULT NULL
) ENGINE=InnoDB DEFAULT CHARSET=utf8mb4 COLLATE=utf8mb4_general_ci;

-- --------------------------------------------------------

--
-- Struktur dari tabel `strapi_release_actions_release_lnk`
--

CREATE TABLE `strapi_release_actions_release_lnk` (
  `id` int(10) UNSIGNED NOT NULL,
  `release_action_id` int(10) UNSIGNED DEFAULT NULL,
  `release_id` int(10) UNSIGNED DEFAULT NULL,
  `release_action_ord` double UNSIGNED DEFAULT NULL
) ENGINE=InnoDB DEFAULT CHARSET=utf8mb4 COLLATE=utf8mb4_general_ci;

-- --------------------------------------------------------

--
-- Struktur dari tabel `strapi_transfer_tokens`
--

CREATE TABLE `strapi_transfer_tokens` (
  `id` int(10) UNSIGNED NOT NULL,
  `document_id` varchar(255) DEFAULT NULL,
  `name` varchar(255) DEFAULT NULL,
  `description` varchar(255) DEFAULT NULL,
  `access_key` varchar(255) DEFAULT NULL,
  `last_used_at` datetime(6) DEFAULT NULL,
  `expires_at` datetime(6) DEFAULT NULL,
  `lifespan` bigint(20) DEFAULT NULL,
  `created_at` datetime(6) DEFAULT NULL,
  `updated_at` datetime(6) DEFAULT NULL,
  `published_at` datetime(6) DEFAULT NULL,
  `created_by_id` int(10) UNSIGNED DEFAULT NULL,
  `updated_by_id` int(10) UNSIGNED DEFAULT NULL,
  `locale` varchar(255) DEFAULT NULL
) ENGINE=InnoDB DEFAULT CHARSET=utf8mb4 COLLATE=utf8mb4_general_ci;

-- --------------------------------------------------------

--
-- Struktur dari tabel `strapi_transfer_token_permissions`
--

CREATE TABLE `strapi_transfer_token_permissions` (
  `id` int(10) UNSIGNED NOT NULL,
  `document_id` varchar(255) DEFAULT NULL,
  `action` varchar(255) DEFAULT NULL,
  `created_at` datetime(6) DEFAULT NULL,
  `updated_at` datetime(6) DEFAULT NULL,
  `published_at` datetime(6) DEFAULT NULL,
  `created_by_id` int(10) UNSIGNED DEFAULT NULL,
  `updated_by_id` int(10) UNSIGNED DEFAULT NULL,
  `locale` varchar(255) DEFAULT NULL
) ENGINE=InnoDB DEFAULT CHARSET=utf8mb4 COLLATE=utf8mb4_general_ci;

-- --------------------------------------------------------

--
-- Struktur dari tabel `strapi_transfer_token_permissions_token_lnk`
--

CREATE TABLE `strapi_transfer_token_permissions_token_lnk` (
  `id` int(10) UNSIGNED NOT NULL,
  `transfer_token_permission_id` int(10) UNSIGNED DEFAULT NULL,
  `transfer_token_id` int(10) UNSIGNED DEFAULT NULL,
  `transfer_token_permission_ord` double UNSIGNED DEFAULT NULL
) ENGINE=InnoDB DEFAULT CHARSET=utf8mb4 COLLATE=utf8mb4_general_ci;

-- --------------------------------------------------------

--
-- Struktur dari tabel `strapi_webhooks`
--

CREATE TABLE `strapi_webhooks` (
  `id` int(10) UNSIGNED NOT NULL,
  `name` varchar(255) DEFAULT NULL,
  `url` longtext DEFAULT NULL,
  `headers` longtext CHARACTER SET utf8mb4 COLLATE utf8mb4_bin DEFAULT NULL CHECK (json_valid(`headers`)),
  `events` longtext CHARACTER SET utf8mb4 COLLATE utf8mb4_bin DEFAULT NULL CHECK (json_valid(`events`)),
  `enabled` tinyint(1) DEFAULT NULL
) ENGINE=InnoDB DEFAULT CHARSET=utf8mb4 COLLATE=utf8mb4_general_ci;

-- --------------------------------------------------------

--
-- Struktur dari tabel `strapi_workflows`
--

CREATE TABLE `strapi_workflows` (
  `id` int(10) UNSIGNED NOT NULL,
  `document_id` varchar(255) DEFAULT NULL,
  `name` varchar(255) DEFAULT NULL,
  `content_types` longtext CHARACTER SET utf8mb4 COLLATE utf8mb4_bin DEFAULT NULL CHECK (json_valid(`content_types`)),
  `created_at` datetime(6) DEFAULT NULL,
  `updated_at` datetime(6) DEFAULT NULL,
  `published_at` datetime(6) DEFAULT NULL,
  `created_by_id` int(10) UNSIGNED DEFAULT NULL,
  `updated_by_id` int(10) UNSIGNED DEFAULT NULL,
  `locale` varchar(255) DEFAULT NULL
) ENGINE=InnoDB DEFAULT CHARSET=utf8mb4 COLLATE=utf8mb4_general_ci;

-- --------------------------------------------------------

--
-- Struktur dari tabel `strapi_workflows_stages`
--

CREATE TABLE `strapi_workflows_stages` (
  `id` int(10) UNSIGNED NOT NULL,
  `document_id` varchar(255) DEFAULT NULL,
  `name` varchar(255) DEFAULT NULL,
  `color` varchar(255) DEFAULT NULL,
  `created_at` datetime(6) DEFAULT NULL,
  `updated_at` datetime(6) DEFAULT NULL,
  `published_at` datetime(6) DEFAULT NULL,
  `created_by_id` int(10) UNSIGNED DEFAULT NULL,
  `updated_by_id` int(10) UNSIGNED DEFAULT NULL,
  `locale` varchar(255) DEFAULT NULL
) ENGINE=InnoDB DEFAULT CHARSET=utf8mb4 COLLATE=utf8mb4_general_ci;

-- --------------------------------------------------------

--
-- Struktur dari tabel `strapi_workflows_stages_permissions_lnk`
--

CREATE TABLE `strapi_workflows_stages_permissions_lnk` (
  `id` int(10) UNSIGNED NOT NULL,
  `workflow_stage_id` int(10) UNSIGNED DEFAULT NULL,
  `permission_id` int(10) UNSIGNED DEFAULT NULL,
  `permission_ord` double UNSIGNED DEFAULT NULL
) ENGINE=InnoDB DEFAULT CHARSET=utf8mb4 COLLATE=utf8mb4_general_ci;

-- --------------------------------------------------------

--
-- Struktur dari tabel `strapi_workflows_stages_workflow_lnk`
--

CREATE TABLE `strapi_workflows_stages_workflow_lnk` (
  `id` int(10) UNSIGNED NOT NULL,
  `workflow_stage_id` int(10) UNSIGNED DEFAULT NULL,
  `workflow_id` int(10) UNSIGNED DEFAULT NULL,
  `workflow_stage_ord` double UNSIGNED DEFAULT NULL
) ENGINE=InnoDB DEFAULT CHARSET=utf8mb4 COLLATE=utf8mb4_general_ci;

-- --------------------------------------------------------

--
-- Struktur dari tabel `strapi_workflows_stage_required_to_publish_lnk`
--

CREATE TABLE `strapi_workflows_stage_required_to_publish_lnk` (
  `id` int(10) UNSIGNED NOT NULL,
  `workflow_id` int(10) UNSIGNED DEFAULT NULL,
  `workflow_stage_id` int(10) UNSIGNED DEFAULT NULL
) ENGINE=InnoDB DEFAULT CHARSET=utf8mb4 COLLATE=utf8mb4_general_ci;

-- --------------------------------------------------------

--
-- Struktur dari tabel `students`
--

CREATE TABLE `students` (
  `id` int(10) UNSIGNED NOT NULL,
  `document_id` varchar(255) DEFAULT NULL,
  `student_name` varchar(255) DEFAULT NULL,
  `nisn` varchar(255) DEFAULT NULL,
  `created_at` datetime(6) DEFAULT NULL,
  `updated_at` datetime(6) DEFAULT NULL,
  `published_at` datetime(6) DEFAULT NULL,
  `created_by_id` int(10) UNSIGNED DEFAULT NULL,
  `updated_by_id` int(10) UNSIGNED DEFAULT NULL,
  `locale` varchar(255) DEFAULT NULL
) ENGINE=InnoDB DEFAULT CHARSET=utf8mb4 COLLATE=utf8mb4_general_ci;

--
-- Dumping data untuk tabel `students`
--

INSERT INTO `students` (`id`, `document_id`, `student_name`, `nisn`, `created_at`, `updated_at`, `published_at`, `created_by_id`, `updated_by_id`, `locale`) VALUES
(1, 'mple9q7mv3g4h9b2rprt016m', 'thomas', '002', '2025-12-02 17:41:58.853000', '2025-12-03 07:16:26.482000', '2025-12-03 07:16:26.477000', NULL, NULL, NULL),
(2, 'wgf1wnuz7i2pquziwpco464o', 'jason', '003', '2025-12-03 08:13:19.880000', '2025-12-03 08:13:19.880000', '2025-12-03 08:13:19.877000', NULL, NULL, NULL),
(3, 'o3bkk3khqge461na06geg99b', 'abdullah', '004', '2025-12-03 08:17:43.555000', '2025-12-03 08:17:43.555000', '2025-12-03 08:17:43.553000', NULL, NULL, NULL);

-- --------------------------------------------------------

--
-- Struktur dari tabel `students_student_lessons_lnk`
--

CREATE TABLE `students_student_lessons_lnk` (
  `id` int(10) UNSIGNED NOT NULL,
  `student_id` int(10) UNSIGNED DEFAULT NULL,
  `student_lesson_id` int(10) UNSIGNED DEFAULT NULL,
  `student_lesson_ord` double UNSIGNED DEFAULT NULL,
  `student_ord` double UNSIGNED DEFAULT NULL
) ENGINE=InnoDB DEFAULT CHARSET=utf8mb4 COLLATE=utf8mb4_general_ci;

--
-- Dumping data untuk tabel `students_student_lessons_lnk`
--

INSERT INTO `students_student_lessons_lnk` (`id`, `student_id`, `student_lesson_id`, `student_lesson_ord`, `student_ord`) VALUES
(3, 1, 3, 1, 1),
(4, 2, 4, 1, 1),
(5, 2, 5, 2, 1),
(7, 2, 7, 3, 1),
(8, 3, 8, 1, 1),
(9, 3, 9, 2, 0),
(10, 1, 10, 2, 1),
(11, 3, 11, 3, 1);

-- --------------------------------------------------------

--
-- Struktur dari tabel `student_lessons`
--

CREATE TABLE `student_lessons` (
  `id` int(10) UNSIGNED NOT NULL,
  `document_id` varchar(255) DEFAULT NULL,
  `created_at` datetime(6) DEFAULT NULL,
  `updated_at` datetime(6) DEFAULT NULL,
  `published_at` datetime(6) DEFAULT NULL,
  `created_by_id` int(10) UNSIGNED DEFAULT NULL,
  `updated_by_id` int(10) UNSIGNED DEFAULT NULL,
  `locale` varchar(255) DEFAULT NULL
) ENGINE=InnoDB DEFAULT CHARSET=utf8mb4 COLLATE=utf8mb4_general_ci;

--
-- Dumping data untuk tabel `student_lessons`
--

INSERT INTO `student_lessons` (`id`, `document_id`, `created_at`, `updated_at`, `published_at`, `created_by_id`, `updated_by_id`, `locale`) VALUES
(3, 'qm8cfupuaqnoqv5r4kjerpu8', '2025-12-03 07:23:37.798000', '2025-12-03 07:23:37.798000', '2025-12-03 07:23:37.792000', NULL, NULL, NULL),
(4, 'x38srd7ii60aj7ohsgh0k76h', '2025-12-03 08:13:26.424000', '2025-12-03 08:13:26.424000', '2025-12-03 08:13:26.419000', NULL, NULL, NULL),
(5, 'w3uho2xmqwlzpwlr65144kgs', '2025-12-03 08:14:18.006000', '2025-12-03 08:14:18.006000', '2025-12-03 08:14:18.000000', NULL, NULL, NULL),
(7, 'dv8dtqerdis3t7mpzyv5g40f', '2025-12-03 08:17:19.702000', '2025-12-03 08:17:19.702000', '2025-12-03 08:17:19.696000', NULL, NULL, NULL),
(8, 'w59owx8cqn8119o5a61tdofo', '2025-12-03 08:17:51.566000', '2025-12-03 08:17:51.566000', '2025-12-03 08:17:51.560000', NULL, NULL, NULL),
(9, 'hh3nwdsit8edqk7jwb6y5rua', '2025-12-03 08:21:27.192000', '2025-12-03 08:21:27.192000', '2025-12-03 08:21:27.168000', 1, 1, NULL),
(10, 'lwgmp2f66mei2y2pl434l7gp', '2025-12-03 11:27:58.327000', '2025-12-03 11:27:58.327000', '2025-12-03 11:27:58.323000', NULL, NULL, NULL),
(11, 'mn5t17torvutpd25prf3w0bg', '2025-12-03 11:33:19.248000', '2025-12-03 11:33:19.248000', '2025-12-03 11:33:19.243000', NULL, NULL, NULL);

-- --------------------------------------------------------

--
-- Struktur dari tabel `teachers`
--

CREATE TABLE `teachers` (
  `id` int(10) UNSIGNED NOT NULL,
  `document_id` varchar(255) DEFAULT NULL,
  `teacher_name` varchar(255) DEFAULT NULL,
  `created_at` datetime(6) DEFAULT NULL,
  `updated_at` datetime(6) DEFAULT NULL,
  `published_at` datetime(6) DEFAULT NULL,
  `created_by_id` int(10) UNSIGNED DEFAULT NULL,
  `updated_by_id` int(10) UNSIGNED DEFAULT NULL,
  `locale` varchar(255) DEFAULT NULL
) ENGINE=InnoDB DEFAULT CHARSET=utf8mb4 COLLATE=utf8mb4_general_ci;

--
-- Dumping data untuk tabel `teachers`
--

INSERT INTO `teachers` (`id`, `document_id`, `teacher_name`, `created_at`, `updated_at`, `published_at`, `created_by_id`, `updated_by_id`, `locale`) VALUES
(1, 'b11hy4ph28unasr74agthiy6', 'farhan', '2025-12-02 17:43:44.580000', '2025-12-02 17:43:44.580000', '2025-12-02 17:43:44.579000', NULL, NULL, NULL),
(2, 'd5sqo9fgs8cagxwgvhonrkqi', 'john', '2025-12-03 08:13:04.362000', '2025-12-03 08:13:04.362000', '2025-12-03 08:13:04.359000', NULL, NULL, NULL);

-- --------------------------------------------------------

--
-- Struktur dari tabel `upload_folders`
--

CREATE TABLE `upload_folders` (
  `id` int(10) UNSIGNED NOT NULL,
  `document_id` varchar(255) DEFAULT NULL,
  `name` varchar(255) DEFAULT NULL,
  `path_id` int(11) DEFAULT NULL,
  `path` varchar(255) DEFAULT NULL,
  `created_at` datetime(6) DEFAULT NULL,
  `updated_at` datetime(6) DEFAULT NULL,
  `published_at` datetime(6) DEFAULT NULL,
  `created_by_id` int(10) UNSIGNED DEFAULT NULL,
  `updated_by_id` int(10) UNSIGNED DEFAULT NULL,
  `locale` varchar(255) DEFAULT NULL
) ENGINE=InnoDB DEFAULT CHARSET=utf8mb4 COLLATE=utf8mb4_general_ci;

-- --------------------------------------------------------

--
-- Struktur dari tabel `upload_folders_parent_lnk`
--

CREATE TABLE `upload_folders_parent_lnk` (
  `id` int(10) UNSIGNED NOT NULL,
  `folder_id` int(10) UNSIGNED DEFAULT NULL,
  `inv_folder_id` int(10) UNSIGNED DEFAULT NULL,
  `folder_ord` double UNSIGNED DEFAULT NULL
) ENGINE=InnoDB DEFAULT CHARSET=utf8mb4 COLLATE=utf8mb4_general_ci;

-- --------------------------------------------------------

--
-- Struktur dari tabel `up_permissions`
--

CREATE TABLE `up_permissions` (
  `id` int(10) UNSIGNED NOT NULL,
  `document_id` varchar(255) DEFAULT NULL,
  `action` varchar(255) DEFAULT NULL,
  `created_at` datetime(6) DEFAULT NULL,
  `updated_at` datetime(6) DEFAULT NULL,
  `published_at` datetime(6) DEFAULT NULL,
  `created_by_id` int(10) UNSIGNED DEFAULT NULL,
  `updated_by_id` int(10) UNSIGNED DEFAULT NULL,
  `locale` varchar(255) DEFAULT NULL
) ENGINE=InnoDB DEFAULT CHARSET=utf8mb4 COLLATE=utf8mb4_general_ci;

--
-- Dumping data untuk tabel `up_permissions`
--

INSERT INTO `up_permissions` (`id`, `document_id`, `action`, `created_at`, `updated_at`, `published_at`, `created_by_id`, `updated_by_id`, `locale`) VALUES
(1, 'z6a874g5v6x83xsplt8dg6yv', 'plugin::users-permissions.user.me', '2025-12-02 17:34:56.926000', '2025-12-02 17:34:56.926000', '2025-12-02 17:34:56.927000', NULL, NULL, NULL),
(2, 'gai5q8ilgh7c50wbu8zabwbo', 'plugin::users-permissions.auth.changePassword', '2025-12-02 17:34:56.926000', '2025-12-02 17:34:56.926000', '2025-12-02 17:34:56.927000', NULL, NULL, NULL),
(3, 'uld2a6u2fwoallin6bxc1izx', 'plugin::users-permissions.auth.callback', '2025-12-02 17:34:56.945000', '2025-12-02 17:34:56.945000', '2025-12-02 17:34:56.945000', NULL, NULL, NULL),
(4, 'oc7hm1vs31470ox3p09b9vkl', 'plugin::users-permissions.auth.connect', '2025-12-02 17:34:56.945000', '2025-12-02 17:34:56.945000', '2025-12-02 17:34:56.945000', NULL, NULL, NULL),
(5, 'hktnqbcafktxoyu2u5wp1cux', 'plugin::users-permissions.auth.resetPassword', '2025-12-02 17:34:56.945000', '2025-12-02 17:34:56.945000', '2025-12-02 17:34:56.946000', NULL, NULL, NULL),
(6, 'rdnfaex7xz09p8thi1vy7p4z', 'plugin::users-permissions.auth.forgotPassword', '2025-12-02 17:34:56.945000', '2025-12-02 17:34:56.945000', '2025-12-02 17:34:56.945000', NULL, NULL, NULL),
(7, 'rlx4cltnzsl26xoz2wx866mb', 'plugin::users-permissions.auth.register', '2025-12-02 17:34:56.945000', '2025-12-02 17:34:56.945000', '2025-12-02 17:34:56.946000', NULL, NULL, NULL),
(8, 'gmqzg7cbnkm6zraeg3fxm5y1', 'plugin::users-permissions.auth.sendEmailConfirmation', '2025-12-02 17:34:56.945000', '2025-12-02 17:34:56.945000', '2025-12-02 17:34:56.946000', NULL, NULL, NULL),
(9, 'qxy3fi0q1soldwjz4p7timoy', 'plugin::users-permissions.auth.emailConfirmation', '2025-12-02 17:34:56.945000', '2025-12-02 17:34:56.945000', '2025-12-02 17:34:56.946000', NULL, NULL, NULL),
(10, 'dptlsgoff71w2havbdn5cs8j', 'api::lesson.lesson.find', '2025-12-02 17:37:52.336000', '2025-12-02 17:37:52.336000', '2025-12-02 17:37:52.338000', NULL, NULL, NULL),
(11, 'bzxcbjyzfwlq4s5sqinxrl0e', 'api::lesson.lesson.findOne', '2025-12-02 17:37:52.336000', '2025-12-02 17:37:52.336000', '2025-12-02 17:37:52.338000', NULL, NULL, NULL),
(12, 'd32yvwbogaq4jom6w8w5do8j', 'api::lesson.lesson.create', '2025-12-02 17:37:52.336000', '2025-12-02 17:37:52.336000', '2025-12-02 17:37:52.339000', NULL, NULL, NULL),
(13, 'wuh44u6cwvplh8d7mk1chuuu', 'api::lesson.lesson.delete', '2025-12-02 17:37:52.336000', '2025-12-02 17:37:52.336000', '2025-12-02 17:37:52.340000', NULL, NULL, NULL),
(14, 'o02r0yz96qjqjhusthy7jht2', 'api::lesson.lesson.update', '2025-12-02 17:37:52.336000', '2025-12-02 17:37:52.336000', '2025-12-02 17:37:52.340000', NULL, NULL, NULL),
(15, 'ypsaw18fnzjuexcnbbcac6si', 'api::student.student.find', '2025-12-02 17:37:52.336000', '2025-12-02 17:37:52.336000', '2025-12-02 17:37:52.341000', NULL, NULL, NULL),
(16, 'azfuqw53b2611t3fzm5qcwqd', 'api::student.student.findOne', '2025-12-02 17:37:52.336000', '2025-12-02 17:37:52.336000', '2025-12-02 17:37:52.343000', NULL, NULL, NULL),
(17, 'kq9qambdplcuc5otvrt5b2yi', 'api::student.student.create', '2025-12-02 17:37:52.337000', '2025-12-02 17:37:52.337000', '2025-12-02 17:37:52.344000', NULL, NULL, NULL),
(18, 'j7opyh5y1jzu4g4z0rb45eqq', 'api::student.student.update', '2025-12-02 17:37:52.337000', '2025-12-02 17:37:52.337000', '2025-12-02 17:37:52.344000', NULL, NULL, NULL),
(19, 'jk1kw6kwsjgjxtvte2v9ytym', 'api::student.student.delete', '2025-12-02 17:37:52.337000', '2025-12-02 17:37:52.337000', '2025-12-02 17:37:52.345000', NULL, NULL, NULL),
(20, 'mxixpahq5l714x4dul4101bs', 'api::student-lesson.student-lesson.find', '2025-12-02 17:37:52.337000', '2025-12-02 17:37:52.337000', '2025-12-02 17:37:52.346000', NULL, NULL, NULL),
(21, 'z0hyy0ubpj7ofmym4nq61dnj', 'api::student-lesson.student-lesson.findOne', '2025-12-02 17:37:52.337000', '2025-12-02 17:37:52.337000', '2025-12-02 17:37:52.346000', NULL, NULL, NULL),
(22, 'r12gfnak5oxw6rhnbjt10nwh', 'api::student-lesson.student-lesson.create', '2025-12-02 17:37:52.337000', '2025-12-02 17:37:52.337000', '2025-12-02 17:37:52.347000', NULL, NULL, NULL),
(23, 'mifgg710uxgwafi8syt3n5il', 'api::student-lesson.student-lesson.update', '2025-12-02 17:37:52.337000', '2025-12-02 17:37:52.337000', '2025-12-02 17:37:52.348000', NULL, NULL, NULL),
(24, 'nqa0ras8ywhtn1f03av8ab6p', 'api::student-lesson.student-lesson.delete', '2025-12-02 17:37:52.337000', '2025-12-02 17:37:52.337000', '2025-12-02 17:37:52.348000', NULL, NULL, NULL),
(25, 'zux7wlo38dm21ihrbnd221tl', 'api::teacher.teacher.find', '2025-12-02 17:37:52.337000', '2025-12-02 17:37:52.337000', '2025-12-02 17:37:52.350000', NULL, NULL, NULL),
(26, 'tl1ez9zqpba7bb30lbpo56o2', 'api::teacher.teacher.findOne', '2025-12-02 17:37:52.337000', '2025-12-02 17:37:52.337000', '2025-12-02 17:37:52.350000', NULL, NULL, NULL),
(27, 'xj83tbmg1lkomamt8n723jld', 'api::teacher.teacher.create', '2025-12-02 17:37:52.337000', '2025-12-02 17:37:52.337000', '2025-12-02 17:37:52.351000', NULL, NULL, NULL),
(28, 's8pkgpuzrp9958s3m7ttcork', 'api::teacher.teacher.update', '2025-12-02 17:37:52.337000', '2025-12-02 17:37:52.337000', '2025-12-02 17:37:52.352000', NULL, NULL, NULL),
(29, 'g7u7w56a83zbpq34ccevoejr', 'api::teacher.teacher.delete', '2025-12-02 17:37:52.337000', '2025-12-02 17:37:52.337000', '2025-12-02 17:37:52.352000', NULL, NULL, NULL);

-- --------------------------------------------------------

--
-- Struktur dari tabel `up_permissions_role_lnk`
--

CREATE TABLE `up_permissions_role_lnk` (
  `id` int(10) UNSIGNED NOT NULL,
  `permission_id` int(10) UNSIGNED DEFAULT NULL,
  `role_id` int(10) UNSIGNED DEFAULT NULL,
  `permission_ord` double UNSIGNED DEFAULT NULL
) ENGINE=InnoDB DEFAULT CHARSET=utf8mb4 COLLATE=utf8mb4_general_ci;

--
-- Dumping data untuk tabel `up_permissions_role_lnk`
--

INSERT INTO `up_permissions_role_lnk` (`id`, `permission_id`, `role_id`, `permission_ord`) VALUES
(1, 1, 1, 1),
(2, 2, 1, 1),
(3, 9, 2, 1),
(4, 4, 2, 1),
(5, 3, 2, 1),
(6, 5, 2, 1),
(7, 6, 2, 1),
(8, 7, 2, 1),
(9, 8, 2, 1),
(10, 10, 1, 2),
(11, 11, 1, 2),
(12, 12, 1, 2),
(13, 13, 1, 2),
(14, 14, 1, 2),
(15, 15, 1, 2),
(16, 19, 1, 2),
(17, 17, 1, 2),
(18, 16, 1, 2),
(19, 18, 1, 2),
(20, 20, 1, 3),
(21, 23, 1, 3),
(22, 22, 1, 3),
(23, 21, 1, 3),
(24, 25, 1, 3),
(25, 24, 1, 3),
(26, 27, 1, 3),
(27, 28, 1, 3),
(28, 26, 1, 3),
(29, 29, 1, 3);

-- --------------------------------------------------------

--
-- Struktur dari tabel `up_roles`
--

CREATE TABLE `up_roles` (
  `id` int(10) UNSIGNED NOT NULL,
  `document_id` varchar(255) DEFAULT NULL,
  `name` varchar(255) DEFAULT NULL,
  `description` varchar(255) DEFAULT NULL,
  `type` varchar(255) DEFAULT NULL,
  `created_at` datetime(6) DEFAULT NULL,
  `updated_at` datetime(6) DEFAULT NULL,
  `published_at` datetime(6) DEFAULT NULL,
  `created_by_id` int(10) UNSIGNED DEFAULT NULL,
  `updated_by_id` int(10) UNSIGNED DEFAULT NULL,
  `locale` varchar(255) DEFAULT NULL
) ENGINE=InnoDB DEFAULT CHARSET=utf8mb4 COLLATE=utf8mb4_general_ci;

--
-- Dumping data untuk tabel `up_roles`
--

INSERT INTO `up_roles` (`id`, `document_id`, `name`, `description`, `type`, `created_at`, `updated_at`, `published_at`, `created_by_id`, `updated_by_id`, `locale`) VALUES
(1, 'xez812x9ou37c03rmd7pqiu9', 'Authenticated', 'Default role given to authenticated user.', 'authenticated', '2025-12-02 17:34:56.905000', '2025-12-02 17:37:52.325000', '2025-12-02 17:34:56.905000', NULL, NULL, NULL),
(2, 'jnk50jfolfwlkt08lskmuqwp', 'Public', 'Default role given to unauthenticated user.', 'public', '2025-12-02 17:34:56.912000', '2025-12-02 17:34:56.912000', '2025-12-02 17:34:56.912000', NULL, NULL, NULL);

-- --------------------------------------------------------

--
-- Struktur dari tabel `up_users`
--

CREATE TABLE `up_users` (
  `id` int(10) UNSIGNED NOT NULL,
  `document_id` varchar(255) DEFAULT NULL,
  `username` varchar(255) DEFAULT NULL,
  `email` varchar(255) DEFAULT NULL,
  `provider` varchar(255) DEFAULT NULL,
  `password` varchar(255) DEFAULT NULL,
  `reset_password_token` varchar(255) DEFAULT NULL,
  `confirmation_token` varchar(255) DEFAULT NULL,
  `confirmed` tinyint(1) DEFAULT NULL,
  `blocked` tinyint(1) DEFAULT NULL,
  `created_at` datetime(6) DEFAULT NULL,
  `updated_at` datetime(6) DEFAULT NULL,
  `published_at` datetime(6) DEFAULT NULL,
  `created_by_id` int(10) UNSIGNED DEFAULT NULL,
  `updated_by_id` int(10) UNSIGNED DEFAULT NULL,
  `locale` varchar(255) DEFAULT NULL
) ENGINE=InnoDB DEFAULT CHARSET=utf8mb4 COLLATE=utf8mb4_general_ci;

--
-- Dumping data untuk tabel `up_users`
--

INSERT INTO `up_users` (`id`, `document_id`, `username`, `email`, `provider`, `password`, `reset_password_token`, `confirmation_token`, `confirmed`, `blocked`, `created_at`, `updated_at`, `published_at`, `created_by_id`, `updated_by_id`, `locale`) VALUES
(1, 'dznhq8bgjkxixcjyanug29w8', 'tes', 'abdillahalfath7@gmail.com', 'local', '$2a$10$w4pcxS8GzTI2bAznz.I0D.MWTfNcmejl80Cr88N.0qAy5cbXm3fgW', NULL, NULL, 0, 0, '2025-12-02 17:40:42.278000', '2025-12-02 17:40:42.278000', '2025-12-02 17:40:42.132000', 1, 1, NULL);

-- --------------------------------------------------------

--
-- Struktur dari tabel `up_users_role_lnk`
--

CREATE TABLE `up_users_role_lnk` (
  `id` int(10) UNSIGNED NOT NULL,
  `user_id` int(10) UNSIGNED DEFAULT NULL,
  `role_id` int(10) UNSIGNED DEFAULT NULL,
  `user_ord` double UNSIGNED DEFAULT NULL
) ENGINE=InnoDB DEFAULT CHARSET=utf8mb4 COLLATE=utf8mb4_general_ci;

--
-- Dumping data untuk tabel `up_users_role_lnk`
--

INSERT INTO `up_users_role_lnk` (`id`, `user_id`, `role_id`, `user_ord`) VALUES
(1, 1, 1, 1);

--
-- Indexes for dumped tables
--

--
-- Indeks untuk tabel `admin_permissions`
--
ALTER TABLE `admin_permissions`
  ADD PRIMARY KEY (`id`),
  ADD KEY `admin_permissions_documents_idx` (`document_id`,`locale`,`published_at`),
  ADD KEY `admin_permissions_created_by_id_fk` (`created_by_id`),
  ADD KEY `admin_permissions_updated_by_id_fk` (`updated_by_id`);

--
-- Indeks untuk tabel `admin_permissions_role_lnk`
--
ALTER TABLE `admin_permissions_role_lnk`
  ADD PRIMARY KEY (`id`),
  ADD UNIQUE KEY `admin_permissions_role_lnk_uq` (`permission_id`,`role_id`),
  ADD KEY `admin_permissions_role_lnk_fk` (`permission_id`),
  ADD KEY `admin_permissions_role_lnk_ifk` (`role_id`),
  ADD KEY `admin_permissions_role_lnk_oifk` (`permission_ord`);

--
-- Indeks untuk tabel `admin_roles`
--
ALTER TABLE `admin_roles`
  ADD PRIMARY KEY (`id`),
  ADD KEY `admin_roles_documents_idx` (`document_id`,`locale`,`published_at`),
  ADD KEY `admin_roles_created_by_id_fk` (`created_by_id`),
  ADD KEY `admin_roles_updated_by_id_fk` (`updated_by_id`);

--
-- Indeks untuk tabel `admin_users`
--
ALTER TABLE `admin_users`
  ADD PRIMARY KEY (`id`),
  ADD KEY `admin_users_documents_idx` (`document_id`,`locale`,`published_at`),
  ADD KEY `admin_users_created_by_id_fk` (`created_by_id`),
  ADD KEY `admin_users_updated_by_id_fk` (`updated_by_id`);

--
-- Indeks untuk tabel `admin_users_roles_lnk`
--
ALTER TABLE `admin_users_roles_lnk`
  ADD PRIMARY KEY (`id`),
  ADD UNIQUE KEY `admin_users_roles_lnk_uq` (`user_id`,`role_id`),
  ADD KEY `admin_users_roles_lnk_fk` (`user_id`),
  ADD KEY `admin_users_roles_lnk_ifk` (`role_id`),
  ADD KEY `admin_users_roles_lnk_ofk` (`role_ord`),
  ADD KEY `admin_users_roles_lnk_oifk` (`user_ord`);

--
-- Indeks untuk tabel `files`
--
ALTER TABLE `files`
  ADD PRIMARY KEY (`id`),
  ADD KEY `upload_files_folder_path_index` (`folder_path`),
  ADD KEY `upload_files_created_at_index` (`created_at`),
  ADD KEY `upload_files_updated_at_index` (`updated_at`),
  ADD KEY `upload_files_name_index` (`name`),
  ADD KEY `upload_files_size_index` (`size`),
  ADD KEY `upload_files_ext_index` (`ext`),
  ADD KEY `files_documents_idx` (`document_id`,`locale`,`published_at`),
  ADD KEY `files_created_by_id_fk` (`created_by_id`),
  ADD KEY `files_updated_by_id_fk` (`updated_by_id`);

--
-- Indeks untuk tabel `files_folder_lnk`
--
ALTER TABLE `files_folder_lnk`
  ADD PRIMARY KEY (`id`),
  ADD UNIQUE KEY `files_folder_lnk_uq` (`file_id`,`folder_id`),
  ADD KEY `files_folder_lnk_fk` (`file_id`),
  ADD KEY `files_folder_lnk_ifk` (`folder_id`),
  ADD KEY `files_folder_lnk_oifk` (`file_ord`);

--
-- Indeks untuk tabel `files_related_mph`
--
ALTER TABLE `files_related_mph`
  ADD PRIMARY KEY (`id`),
  ADD KEY `files_related_mph_fk` (`file_id`),
  ADD KEY `files_related_mph_oidx` (`order`),
  ADD KEY `files_related_mph_idix` (`related_id`);

--
-- Indeks untuk tabel `i18n_locale`
--
ALTER TABLE `i18n_locale`
  ADD PRIMARY KEY (`id`),
  ADD KEY `i18n_locale_documents_idx` (`document_id`,`locale`,`published_at`),
  ADD KEY `i18n_locale_created_by_id_fk` (`created_by_id`),
  ADD KEY `i18n_locale_updated_by_id_fk` (`updated_by_id`);

--
-- Indeks untuk tabel `lessons`
--
ALTER TABLE `lessons`
  ADD PRIMARY KEY (`id`),
  ADD KEY `lessons_documents_idx` (`document_id`,`locale`,`published_at`),
  ADD KEY `lessons_created_by_id_fk` (`created_by_id`),
  ADD KEY `lessons_updated_by_id_fk` (`updated_by_id`);

--
-- Indeks untuk tabel `lessons_student_lessons_lnk`
--
ALTER TABLE `lessons_student_lessons_lnk`
  ADD PRIMARY KEY (`id`),
  ADD UNIQUE KEY `lessons_student_lessons_lnk_uq` (`lesson_id`,`student_lesson_id`),
  ADD KEY `lessons_student_lessons_lnk_fk` (`lesson_id`),
  ADD KEY `lessons_student_lessons_lnk_ifk` (`student_lesson_id`),
  ADD KEY `lessons_student_lessons_lnk_ofk` (`student_lesson_ord`),
  ADD KEY `lessons_student_lessons_lnk_oifk` (`lesson_ord`);

--
-- Indeks untuk tabel `lessons_teacher_lnk`
--
ALTER TABLE `lessons_teacher_lnk`
  ADD PRIMARY KEY (`id`),
  ADD UNIQUE KEY `lessons_teacher_lnk_uq` (`lesson_id`,`teacher_id`),
  ADD KEY `lessons_teacher_lnk_fk` (`lesson_id`),
  ADD KEY `lessons_teacher_lnk_ifk` (`teacher_id`),
  ADD KEY `lessons_teacher_lnk_oifk` (`lesson_ord`);

--
-- Indeks untuk tabel `strapi_api_tokens`
--
ALTER TABLE `strapi_api_tokens`
  ADD PRIMARY KEY (`id`),
  ADD KEY `strapi_api_tokens_documents_idx` (`document_id`,`locale`,`published_at`),
  ADD KEY `strapi_api_tokens_created_by_id_fk` (`created_by_id`),
  ADD KEY `strapi_api_tokens_updated_by_id_fk` (`updated_by_id`);

--
-- Indeks untuk tabel `strapi_api_token_permissions`
--
ALTER TABLE `strapi_api_token_permissions`
  ADD PRIMARY KEY (`id`),
  ADD KEY `strapi_api_token_permissions_documents_idx` (`document_id`,`locale`,`published_at`),
  ADD KEY `strapi_api_token_permissions_created_by_id_fk` (`created_by_id`),
  ADD KEY `strapi_api_token_permissions_updated_by_id_fk` (`updated_by_id`);

--
-- Indeks untuk tabel `strapi_api_token_permissions_token_lnk`
--
ALTER TABLE `strapi_api_token_permissions_token_lnk`
  ADD PRIMARY KEY (`id`),
  ADD UNIQUE KEY `strapi_api_token_permissions_token_lnk_uq` (`api_token_permission_id`,`api_token_id`),
  ADD KEY `strapi_api_token_permissions_token_lnk_fk` (`api_token_permission_id`),
  ADD KEY `strapi_api_token_permissions_token_lnk_ifk` (`api_token_id`),
  ADD KEY `strapi_api_token_permissions_token_lnk_oifk` (`api_token_permission_ord`);

--
-- Indeks untuk tabel `strapi_core_store_settings`
--
ALTER TABLE `strapi_core_store_settings`
  ADD PRIMARY KEY (`id`);

--
-- Indeks untuk tabel `strapi_database_schema`
--
ALTER TABLE `strapi_database_schema`
  ADD PRIMARY KEY (`id`);

--
-- Indeks untuk tabel `strapi_history_versions`
--
ALTER TABLE `strapi_history_versions`
  ADD PRIMARY KEY (`id`),
  ADD KEY `strapi_history_versions_created_by_id_fk` (`created_by_id`);

--
-- Indeks untuk tabel `strapi_migrations`
--
ALTER TABLE `strapi_migrations`
  ADD PRIMARY KEY (`id`);

--
-- Indeks untuk tabel `strapi_migrations_internal`
--
ALTER TABLE `strapi_migrations_internal`
  ADD PRIMARY KEY (`id`);

--
-- Indeks untuk tabel `strapi_releases`
--
ALTER TABLE `strapi_releases`
  ADD PRIMARY KEY (`id`),
  ADD KEY `strapi_releases_documents_idx` (`document_id`,`locale`,`published_at`),
  ADD KEY `strapi_releases_created_by_id_fk` (`created_by_id`),
  ADD KEY `strapi_releases_updated_by_id_fk` (`updated_by_id`);

--
-- Indeks untuk tabel `strapi_release_actions`
--
ALTER TABLE `strapi_release_actions`
  ADD PRIMARY KEY (`id`),
  ADD KEY `strapi_release_actions_documents_idx` (`document_id`,`locale`,`published_at`),
  ADD KEY `strapi_release_actions_created_by_id_fk` (`created_by_id`),
  ADD KEY `strapi_release_actions_updated_by_id_fk` (`updated_by_id`);

--
-- Indeks untuk tabel `strapi_release_actions_release_lnk`
--
ALTER TABLE `strapi_release_actions_release_lnk`
  ADD PRIMARY KEY (`id`),
  ADD UNIQUE KEY `strapi_release_actions_release_lnk_uq` (`release_action_id`,`release_id`),
  ADD KEY `strapi_release_actions_release_lnk_fk` (`release_action_id`),
  ADD KEY `strapi_release_actions_release_lnk_ifk` (`release_id`),
  ADD KEY `strapi_release_actions_release_lnk_oifk` (`release_action_ord`);

--
-- Indeks untuk tabel `strapi_transfer_tokens`
--
ALTER TABLE `strapi_transfer_tokens`
  ADD PRIMARY KEY (`id`),
  ADD KEY `strapi_transfer_tokens_documents_idx` (`document_id`,`locale`,`published_at`),
  ADD KEY `strapi_transfer_tokens_created_by_id_fk` (`created_by_id`),
  ADD KEY `strapi_transfer_tokens_updated_by_id_fk` (`updated_by_id`);

--
-- Indeks untuk tabel `strapi_transfer_token_permissions`
--
ALTER TABLE `strapi_transfer_token_permissions`
  ADD PRIMARY KEY (`id`),
  ADD KEY `strapi_transfer_token_permissions_documents_idx` (`document_id`,`locale`,`published_at`),
  ADD KEY `strapi_transfer_token_permissions_created_by_id_fk` (`created_by_id`),
  ADD KEY `strapi_transfer_token_permissions_updated_by_id_fk` (`updated_by_id`);

--
-- Indeks untuk tabel `strapi_transfer_token_permissions_token_lnk`
--
ALTER TABLE `strapi_transfer_token_permissions_token_lnk`
  ADD PRIMARY KEY (`id`),
  ADD UNIQUE KEY `strapi_transfer_token_permissions_token_lnk_uq` (`transfer_token_permission_id`,`transfer_token_id`),
  ADD KEY `strapi_transfer_token_permissions_token_lnk_fk` (`transfer_token_permission_id`),
  ADD KEY `strapi_transfer_token_permissions_token_lnk_ifk` (`transfer_token_id`),
  ADD KEY `strapi_transfer_token_permissions_token_lnk_oifk` (`transfer_token_permission_ord`);

--
-- Indeks untuk tabel `strapi_webhooks`
--
ALTER TABLE `strapi_webhooks`
  ADD PRIMARY KEY (`id`);

--
-- Indeks untuk tabel `strapi_workflows`
--
ALTER TABLE `strapi_workflows`
  ADD PRIMARY KEY (`id`),
  ADD KEY `strapi_workflows_documents_idx` (`document_id`,`locale`,`published_at`),
  ADD KEY `strapi_workflows_created_by_id_fk` (`created_by_id`),
  ADD KEY `strapi_workflows_updated_by_id_fk` (`updated_by_id`);

--
-- Indeks untuk tabel `strapi_workflows_stages`
--
ALTER TABLE `strapi_workflows_stages`
  ADD PRIMARY KEY (`id`),
  ADD KEY `strapi_workflows_stages_documents_idx` (`document_id`,`locale`,`published_at`),
  ADD KEY `strapi_workflows_stages_created_by_id_fk` (`created_by_id`),
  ADD KEY `strapi_workflows_stages_updated_by_id_fk` (`updated_by_id`);

--
-- Indeks untuk tabel `strapi_workflows_stages_permissions_lnk`
--
ALTER TABLE `strapi_workflows_stages_permissions_lnk`
  ADD PRIMARY KEY (`id`),
  ADD UNIQUE KEY `strapi_workflows_stages_permissions_lnk_uq` (`workflow_stage_id`,`permission_id`),
  ADD KEY `strapi_workflows_stages_permissions_lnk_fk` (`workflow_stage_id`),
  ADD KEY `strapi_workflows_stages_permissions_lnk_ifk` (`permission_id`),
  ADD KEY `strapi_workflows_stages_permissions_lnk_ofk` (`permission_ord`);

--
-- Indeks untuk tabel `strapi_workflows_stages_workflow_lnk`
--
ALTER TABLE `strapi_workflows_stages_workflow_lnk`
  ADD PRIMARY KEY (`id`),
  ADD UNIQUE KEY `strapi_workflows_stages_workflow_lnk_uq` (`workflow_stage_id`,`workflow_id`),
  ADD KEY `strapi_workflows_stages_workflow_lnk_fk` (`workflow_stage_id`),
  ADD KEY `strapi_workflows_stages_workflow_lnk_ifk` (`workflow_id`),
  ADD KEY `strapi_workflows_stages_workflow_lnk_oifk` (`workflow_stage_ord`);

--
-- Indeks untuk tabel `strapi_workflows_stage_required_to_publish_lnk`
--
ALTER TABLE `strapi_workflows_stage_required_to_publish_lnk`
  ADD PRIMARY KEY (`id`),
  ADD UNIQUE KEY `strapi_workflows_stage_required_to_publish_lnk_uq` (`workflow_id`,`workflow_stage_id`),
  ADD KEY `strapi_workflows_stage_required_to_publish_lnk_fk` (`workflow_id`),
  ADD KEY `strapi_workflows_stage_required_to_publish_lnk_ifk` (`workflow_stage_id`);

--
-- Indeks untuk tabel `students`
--
ALTER TABLE `students`
  ADD PRIMARY KEY (`id`),
  ADD KEY `students_documents_idx` (`document_id`,`locale`,`published_at`),
  ADD KEY `students_created_by_id_fk` (`created_by_id`),
  ADD KEY `students_updated_by_id_fk` (`updated_by_id`);

--
-- Indeks untuk tabel `students_student_lessons_lnk`
--
ALTER TABLE `students_student_lessons_lnk`
  ADD PRIMARY KEY (`id`),
  ADD UNIQUE KEY `students_student_lessons_lnk_uq` (`student_id`,`student_lesson_id`),
  ADD KEY `students_student_lessons_lnk_fk` (`student_id`),
  ADD KEY `students_student_lessons_lnk_ifk` (`student_lesson_id`),
  ADD KEY `students_student_lessons_lnk_ofk` (`student_lesson_ord`),
  ADD KEY `students_student_lessons_lnk_oifk` (`student_ord`);

--
-- Indeks untuk tabel `student_lessons`
--
ALTER TABLE `student_lessons`
  ADD PRIMARY KEY (`id`),
  ADD KEY `student_lessons_documents_idx` (`document_id`,`locale`,`published_at`),
  ADD KEY `student_lessons_created_by_id_fk` (`created_by_id`),
  ADD KEY `student_lessons_updated_by_id_fk` (`updated_by_id`);

--
-- Indeks untuk tabel `teachers`
--
ALTER TABLE `teachers`
  ADD PRIMARY KEY (`id`),
  ADD KEY `teachers_documents_idx` (`document_id`,`locale`,`published_at`),
  ADD KEY `teachers_created_by_id_fk` (`created_by_id`),
  ADD KEY `teachers_updated_by_id_fk` (`updated_by_id`);

--
-- Indeks untuk tabel `upload_folders`
--
ALTER TABLE `upload_folders`
  ADD PRIMARY KEY (`id`),
  ADD UNIQUE KEY `upload_folders_path_id_index` (`path_id`),
  ADD UNIQUE KEY `upload_folders_path_index` (`path`),
  ADD KEY `upload_folders_documents_idx` (`document_id`,`locale`,`published_at`),
  ADD KEY `upload_folders_created_by_id_fk` (`created_by_id`),
  ADD KEY `upload_folders_updated_by_id_fk` (`updated_by_id`);

--
-- Indeks untuk tabel `upload_folders_parent_lnk`
--
ALTER TABLE `upload_folders_parent_lnk`
  ADD PRIMARY KEY (`id`),
  ADD UNIQUE KEY `upload_folders_parent_lnk_uq` (`folder_id`,`inv_folder_id`),
  ADD KEY `upload_folders_parent_lnk_fk` (`folder_id`),
  ADD KEY `upload_folders_parent_lnk_ifk` (`inv_folder_id`),
  ADD KEY `upload_folders_parent_lnk_oifk` (`folder_ord`);

--
-- Indeks untuk tabel `up_permissions`
--
ALTER TABLE `up_permissions`
  ADD PRIMARY KEY (`id`),
  ADD KEY `up_permissions_documents_idx` (`document_id`,`locale`,`published_at`),
  ADD KEY `up_permissions_created_by_id_fk` (`created_by_id`),
  ADD KEY `up_permissions_updated_by_id_fk` (`updated_by_id`);

--
-- Indeks untuk tabel `up_permissions_role_lnk`
--
ALTER TABLE `up_permissions_role_lnk`
  ADD PRIMARY KEY (`id`),
  ADD UNIQUE KEY `up_permissions_role_lnk_uq` (`permission_id`,`role_id`),
  ADD KEY `up_permissions_role_lnk_fk` (`permission_id`),
  ADD KEY `up_permissions_role_lnk_ifk` (`role_id`),
  ADD KEY `up_permissions_role_lnk_oifk` (`permission_ord`);

--
-- Indeks untuk tabel `up_roles`
--
ALTER TABLE `up_roles`
  ADD PRIMARY KEY (`id`),
  ADD KEY `up_roles_documents_idx` (`document_id`,`locale`,`published_at`),
  ADD KEY `up_roles_created_by_id_fk` (`created_by_id`),
  ADD KEY `up_roles_updated_by_id_fk` (`updated_by_id`);

--
-- Indeks untuk tabel `up_users`
--
ALTER TABLE `up_users`
  ADD PRIMARY KEY (`id`),
  ADD KEY `up_users_documents_idx` (`document_id`,`locale`,`published_at`),
  ADD KEY `up_users_created_by_id_fk` (`created_by_id`),
  ADD KEY `up_users_updated_by_id_fk` (`updated_by_id`);

--
-- Indeks untuk tabel `up_users_role_lnk`
--
ALTER TABLE `up_users_role_lnk`
  ADD PRIMARY KEY (`id`),
  ADD UNIQUE KEY `up_users_role_lnk_uq` (`user_id`,`role_id`),
  ADD KEY `up_users_role_lnk_fk` (`user_id`),
  ADD KEY `up_users_role_lnk_ifk` (`role_id`),
  ADD KEY `up_users_role_lnk_oifk` (`user_ord`);

--
-- AUTO_INCREMENT untuk tabel yang dibuang
--

--
-- AUTO_INCREMENT untuk tabel `admin_permissions`
--
ALTER TABLE `admin_permissions`
  MODIFY `id` int(10) UNSIGNED NOT NULL AUTO_INCREMENT, AUTO_INCREMENT=127;

--
-- AUTO_INCREMENT untuk tabel `admin_permissions_role_lnk`
--
ALTER TABLE `admin_permissions_role_lnk`
  MODIFY `id` int(10) UNSIGNED NOT NULL AUTO_INCREMENT, AUTO_INCREMENT=127;

--
-- AUTO_INCREMENT untuk tabel `admin_roles`
--
ALTER TABLE `admin_roles`
  MODIFY `id` int(10) UNSIGNED NOT NULL AUTO_INCREMENT, AUTO_INCREMENT=4;

--
-- AUTO_INCREMENT untuk tabel `admin_users`
--
ALTER TABLE `admin_users`
  MODIFY `id` int(10) UNSIGNED NOT NULL AUTO_INCREMENT, AUTO_INCREMENT=2;

--
-- AUTO_INCREMENT untuk tabel `admin_users_roles_lnk`
--
ALTER TABLE `admin_users_roles_lnk`
  MODIFY `id` int(10) UNSIGNED NOT NULL AUTO_INCREMENT, AUTO_INCREMENT=2;

--
-- AUTO_INCREMENT untuk tabel `files`
--
ALTER TABLE `files`
  MODIFY `id` int(10) UNSIGNED NOT NULL AUTO_INCREMENT;

--
-- AUTO_INCREMENT untuk tabel `files_folder_lnk`
--
ALTER TABLE `files_folder_lnk`
  MODIFY `id` int(10) UNSIGNED NOT NULL AUTO_INCREMENT;

--
-- AUTO_INCREMENT untuk tabel `files_related_mph`
--
ALTER TABLE `files_related_mph`
  MODIFY `id` int(10) UNSIGNED NOT NULL AUTO_INCREMENT;

--
-- AUTO_INCREMENT untuk tabel `i18n_locale`
--
ALTER TABLE `i18n_locale`
  MODIFY `id` int(10) UNSIGNED NOT NULL AUTO_INCREMENT, AUTO_INCREMENT=2;

--
-- AUTO_INCREMENT untuk tabel `lessons`
--
ALTER TABLE `lessons`
  MODIFY `id` int(10) UNSIGNED NOT NULL AUTO_INCREMENT, AUTO_INCREMENT=5;

--
-- AUTO_INCREMENT untuk tabel `lessons_student_lessons_lnk`
--
ALTER TABLE `lessons_student_lessons_lnk`
  MODIFY `id` int(10) UNSIGNED NOT NULL AUTO_INCREMENT, AUTO_INCREMENT=14;

--
-- AUTO_INCREMENT untuk tabel `lessons_teacher_lnk`
--
ALTER TABLE `lessons_teacher_lnk`
  MODIFY `id` int(10) UNSIGNED NOT NULL AUTO_INCREMENT, AUTO_INCREMENT=5;

--
-- AUTO_INCREMENT untuk tabel `strapi_api_tokens`
--
ALTER TABLE `strapi_api_tokens`
  MODIFY `id` int(10) UNSIGNED NOT NULL AUTO_INCREMENT, AUTO_INCREMENT=3;

--
-- AUTO_INCREMENT untuk tabel `strapi_api_token_permissions`
--
ALTER TABLE `strapi_api_token_permissions`
  MODIFY `id` int(10) UNSIGNED NOT NULL AUTO_INCREMENT;

--
-- AUTO_INCREMENT untuk tabel `strapi_api_token_permissions_token_lnk`
--
ALTER TABLE `strapi_api_token_permissions_token_lnk`
  MODIFY `id` int(10) UNSIGNED NOT NULL AUTO_INCREMENT;

--
-- AUTO_INCREMENT untuk tabel `strapi_core_store_settings`
--
ALTER TABLE `strapi_core_store_settings`
  MODIFY `id` int(10) UNSIGNED NOT NULL AUTO_INCREMENT, AUTO_INCREMENT=31;

--
-- AUTO_INCREMENT untuk tabel `strapi_database_schema`
--
ALTER TABLE `strapi_database_schema`
  MODIFY `id` int(10) UNSIGNED NOT NULL AUTO_INCREMENT, AUTO_INCREMENT=2;

--
-- AUTO_INCREMENT untuk tabel `strapi_history_versions`
--
ALTER TABLE `strapi_history_versions`
  MODIFY `id` int(10) UNSIGNED NOT NULL AUTO_INCREMENT;

--
-- AUTO_INCREMENT untuk tabel `strapi_migrations`
--
ALTER TABLE `strapi_migrations`
  MODIFY `id` int(10) UNSIGNED NOT NULL AUTO_INCREMENT;

--
-- AUTO_INCREMENT untuk tabel `strapi_migrations_internal`
--
ALTER TABLE `strapi_migrations_internal`
  MODIFY `id` int(10) UNSIGNED NOT NULL AUTO_INCREMENT, AUTO_INCREMENT=7;

--
-- AUTO_INCREMENT untuk tabel `strapi_releases`
--
ALTER TABLE `strapi_releases`
  MODIFY `id` int(10) UNSIGNED NOT NULL AUTO_INCREMENT;

--
-- AUTO_INCREMENT untuk tabel `strapi_release_actions`
--
ALTER TABLE `strapi_release_actions`
  MODIFY `id` int(10) UNSIGNED NOT NULL AUTO_INCREMENT;

--
-- AUTO_INCREMENT untuk tabel `strapi_release_actions_release_lnk`
--
ALTER TABLE `strapi_release_actions_release_lnk`
  MODIFY `id` int(10) UNSIGNED NOT NULL AUTO_INCREMENT;

--
-- AUTO_INCREMENT untuk tabel `strapi_transfer_tokens`
--
ALTER TABLE `strapi_transfer_tokens`
  MODIFY `id` int(10) UNSIGNED NOT NULL AUTO_INCREMENT;

--
-- AUTO_INCREMENT untuk tabel `strapi_transfer_token_permissions`
--
ALTER TABLE `strapi_transfer_token_permissions`
  MODIFY `id` int(10) UNSIGNED NOT NULL AUTO_INCREMENT;

--
-- AUTO_INCREMENT untuk tabel `strapi_transfer_token_permissions_token_lnk`
--
ALTER TABLE `strapi_transfer_token_permissions_token_lnk`
  MODIFY `id` int(10) UNSIGNED NOT NULL AUTO_INCREMENT;

--
-- AUTO_INCREMENT untuk tabel `strapi_webhooks`
--
ALTER TABLE `strapi_webhooks`
  MODIFY `id` int(10) UNSIGNED NOT NULL AUTO_INCREMENT;

--
-- AUTO_INCREMENT untuk tabel `strapi_workflows`
--
ALTER TABLE `strapi_workflows`
  MODIFY `id` int(10) UNSIGNED NOT NULL AUTO_INCREMENT;

--
-- AUTO_INCREMENT untuk tabel `strapi_workflows_stages`
--
ALTER TABLE `strapi_workflows_stages`
  MODIFY `id` int(10) UNSIGNED NOT NULL AUTO_INCREMENT;

--
-- AUTO_INCREMENT untuk tabel `strapi_workflows_stages_permissions_lnk`
--
ALTER TABLE `strapi_workflows_stages_permissions_lnk`
  MODIFY `id` int(10) UNSIGNED NOT NULL AUTO_INCREMENT;

--
-- AUTO_INCREMENT untuk tabel `strapi_workflows_stages_workflow_lnk`
--
ALTER TABLE `strapi_workflows_stages_workflow_lnk`
  MODIFY `id` int(10) UNSIGNED NOT NULL AUTO_INCREMENT;

--
-- AUTO_INCREMENT untuk tabel `strapi_workflows_stage_required_to_publish_lnk`
--
ALTER TABLE `strapi_workflows_stage_required_to_publish_lnk`
  MODIFY `id` int(10) UNSIGNED NOT NULL AUTO_INCREMENT;

--
-- AUTO_INCREMENT untuk tabel `students`
--
ALTER TABLE `students`
  MODIFY `id` int(10) UNSIGNED NOT NULL AUTO_INCREMENT, AUTO_INCREMENT=4;

--
-- AUTO_INCREMENT untuk tabel `students_student_lessons_lnk`
--
ALTER TABLE `students_student_lessons_lnk`
  MODIFY `id` int(10) UNSIGNED NOT NULL AUTO_INCREMENT, AUTO_INCREMENT=12;

--
-- AUTO_INCREMENT untuk tabel `student_lessons`
--
ALTER TABLE `student_lessons`
  MODIFY `id` int(10) UNSIGNED NOT NULL AUTO_INCREMENT, AUTO_INCREMENT=12;

--
-- AUTO_INCREMENT untuk tabel `teachers`
--
ALTER TABLE `teachers`
  MODIFY `id` int(10) UNSIGNED NOT NULL AUTO_INCREMENT, AUTO_INCREMENT=3;

--
-- AUTO_INCREMENT untuk tabel `upload_folders`
--
ALTER TABLE `upload_folders`
  MODIFY `id` int(10) UNSIGNED NOT NULL AUTO_INCREMENT;

--
-- AUTO_INCREMENT untuk tabel `upload_folders_parent_lnk`
--
ALTER TABLE `upload_folders_parent_lnk`
  MODIFY `id` int(10) UNSIGNED NOT NULL AUTO_INCREMENT;

--
-- AUTO_INCREMENT untuk tabel `up_permissions`
--
ALTER TABLE `up_permissions`
  MODIFY `id` int(10) UNSIGNED NOT NULL AUTO_INCREMENT, AUTO_INCREMENT=30;

--
-- AUTO_INCREMENT untuk tabel `up_permissions_role_lnk`
--
ALTER TABLE `up_permissions_role_lnk`
  MODIFY `id` int(10) UNSIGNED NOT NULL AUTO_INCREMENT, AUTO_INCREMENT=30;

--
-- AUTO_INCREMENT untuk tabel `up_roles`
--
ALTER TABLE `up_roles`
  MODIFY `id` int(10) UNSIGNED NOT NULL AUTO_INCREMENT, AUTO_INCREMENT=3;

--
-- AUTO_INCREMENT untuk tabel `up_users`
--
ALTER TABLE `up_users`
  MODIFY `id` int(10) UNSIGNED NOT NULL AUTO_INCREMENT, AUTO_INCREMENT=2;

--
-- AUTO_INCREMENT untuk tabel `up_users_role_lnk`
--
ALTER TABLE `up_users_role_lnk`
  MODIFY `id` int(10) UNSIGNED NOT NULL AUTO_INCREMENT, AUTO_INCREMENT=2;

--
-- Ketidakleluasaan untuk tabel pelimpahan (Dumped Tables)
--

--
-- Ketidakleluasaan untuk tabel `admin_permissions`
--
ALTER TABLE `admin_permissions`
  ADD CONSTRAINT `admin_permissions_created_by_id_fk` FOREIGN KEY (`created_by_id`) REFERENCES `admin_users` (`id`) ON DELETE SET NULL,
  ADD CONSTRAINT `admin_permissions_updated_by_id_fk` FOREIGN KEY (`updated_by_id`) REFERENCES `admin_users` (`id`) ON DELETE SET NULL;

--
-- Ketidakleluasaan untuk tabel `admin_permissions_role_lnk`
--
ALTER TABLE `admin_permissions_role_lnk`
  ADD CONSTRAINT `admin_permissions_role_lnk_fk` FOREIGN KEY (`permission_id`) REFERENCES `admin_permissions` (`id`) ON DELETE CASCADE,
  ADD CONSTRAINT `admin_permissions_role_lnk_ifk` FOREIGN KEY (`role_id`) REFERENCES `admin_roles` (`id`) ON DELETE CASCADE;

--
-- Ketidakleluasaan untuk tabel `admin_roles`
--
ALTER TABLE `admin_roles`
  ADD CONSTRAINT `admin_roles_created_by_id_fk` FOREIGN KEY (`created_by_id`) REFERENCES `admin_users` (`id`) ON DELETE SET NULL,
  ADD CONSTRAINT `admin_roles_updated_by_id_fk` FOREIGN KEY (`updated_by_id`) REFERENCES `admin_users` (`id`) ON DELETE SET NULL;

--
-- Ketidakleluasaan untuk tabel `admin_users`
--
ALTER TABLE `admin_users`
  ADD CONSTRAINT `admin_users_created_by_id_fk` FOREIGN KEY (`created_by_id`) REFERENCES `admin_users` (`id`) ON DELETE SET NULL,
  ADD CONSTRAINT `admin_users_updated_by_id_fk` FOREIGN KEY (`updated_by_id`) REFERENCES `admin_users` (`id`) ON DELETE SET NULL;

--
-- Ketidakleluasaan untuk tabel `admin_users_roles_lnk`
--
ALTER TABLE `admin_users_roles_lnk`
  ADD CONSTRAINT `admin_users_roles_lnk_fk` FOREIGN KEY (`user_id`) REFERENCES `admin_users` (`id`) ON DELETE CASCADE,
  ADD CONSTRAINT `admin_users_roles_lnk_ifk` FOREIGN KEY (`role_id`) REFERENCES `admin_roles` (`id`) ON DELETE CASCADE;

--
-- Ketidakleluasaan untuk tabel `files`
--
ALTER TABLE `files`
  ADD CONSTRAINT `files_created_by_id_fk` FOREIGN KEY (`created_by_id`) REFERENCES `admin_users` (`id`) ON DELETE SET NULL,
  ADD CONSTRAINT `files_updated_by_id_fk` FOREIGN KEY (`updated_by_id`) REFERENCES `admin_users` (`id`) ON DELETE SET NULL;

--
-- Ketidakleluasaan untuk tabel `files_folder_lnk`
--
ALTER TABLE `files_folder_lnk`
  ADD CONSTRAINT `files_folder_lnk_fk` FOREIGN KEY (`file_id`) REFERENCES `files` (`id`) ON DELETE CASCADE,
  ADD CONSTRAINT `files_folder_lnk_ifk` FOREIGN KEY (`folder_id`) REFERENCES `upload_folders` (`id`) ON DELETE CASCADE;

--
-- Ketidakleluasaan untuk tabel `files_related_mph`
--
ALTER TABLE `files_related_mph`
  ADD CONSTRAINT `files_related_mph_fk` FOREIGN KEY (`file_id`) REFERENCES `files` (`id`) ON DELETE CASCADE;

--
-- Ketidakleluasaan untuk tabel `i18n_locale`
--
ALTER TABLE `i18n_locale`
  ADD CONSTRAINT `i18n_locale_created_by_id_fk` FOREIGN KEY (`created_by_id`) REFERENCES `admin_users` (`id`) ON DELETE SET NULL,
  ADD CONSTRAINT `i18n_locale_updated_by_id_fk` FOREIGN KEY (`updated_by_id`) REFERENCES `admin_users` (`id`) ON DELETE SET NULL;

--
-- Ketidakleluasaan untuk tabel `lessons`
--
ALTER TABLE `lessons`
  ADD CONSTRAINT `lessons_created_by_id_fk` FOREIGN KEY (`created_by_id`) REFERENCES `admin_users` (`id`) ON DELETE SET NULL,
  ADD CONSTRAINT `lessons_updated_by_id_fk` FOREIGN KEY (`updated_by_id`) REFERENCES `admin_users` (`id`) ON DELETE SET NULL;

--
-- Ketidakleluasaan untuk tabel `lessons_student_lessons_lnk`
--
ALTER TABLE `lessons_student_lessons_lnk`
  ADD CONSTRAINT `lessons_student_lessons_lnk_fk` FOREIGN KEY (`lesson_id`) REFERENCES `lessons` (`id`) ON DELETE CASCADE,
  ADD CONSTRAINT `lessons_student_lessons_lnk_ifk` FOREIGN KEY (`student_lesson_id`) REFERENCES `student_lessons` (`id`) ON DELETE CASCADE;

--
-- Ketidakleluasaan untuk tabel `lessons_teacher_lnk`
--
ALTER TABLE `lessons_teacher_lnk`
  ADD CONSTRAINT `lessons_teacher_lnk_fk` FOREIGN KEY (`lesson_id`) REFERENCES `lessons` (`id`) ON DELETE CASCADE,
  ADD CONSTRAINT `lessons_teacher_lnk_ifk` FOREIGN KEY (`teacher_id`) REFERENCES `teachers` (`id`) ON DELETE CASCADE;

--
-- Ketidakleluasaan untuk tabel `strapi_api_tokens`
--
ALTER TABLE `strapi_api_tokens`
  ADD CONSTRAINT `strapi_api_tokens_created_by_id_fk` FOREIGN KEY (`created_by_id`) REFERENCES `admin_users` (`id`) ON DELETE SET NULL,
  ADD CONSTRAINT `strapi_api_tokens_updated_by_id_fk` FOREIGN KEY (`updated_by_id`) REFERENCES `admin_users` (`id`) ON DELETE SET NULL;

--
-- Ketidakleluasaan untuk tabel `strapi_api_token_permissions`
--
ALTER TABLE `strapi_api_token_permissions`
  ADD CONSTRAINT `strapi_api_token_permissions_created_by_id_fk` FOREIGN KEY (`created_by_id`) REFERENCES `admin_users` (`id`) ON DELETE SET NULL,
  ADD CONSTRAINT `strapi_api_token_permissions_updated_by_id_fk` FOREIGN KEY (`updated_by_id`) REFERENCES `admin_users` (`id`) ON DELETE SET NULL;

--
-- Ketidakleluasaan untuk tabel `strapi_api_token_permissions_token_lnk`
--
ALTER TABLE `strapi_api_token_permissions_token_lnk`
  ADD CONSTRAINT `strapi_api_token_permissions_token_lnk_fk` FOREIGN KEY (`api_token_permission_id`) REFERENCES `strapi_api_token_permissions` (`id`) ON DELETE CASCADE,
  ADD CONSTRAINT `strapi_api_token_permissions_token_lnk_ifk` FOREIGN KEY (`api_token_id`) REFERENCES `strapi_api_tokens` (`id`) ON DELETE CASCADE;

--
-- Ketidakleluasaan untuk tabel `strapi_history_versions`
--
ALTER TABLE `strapi_history_versions`
  ADD CONSTRAINT `strapi_history_versions_created_by_id_fk` FOREIGN KEY (`created_by_id`) REFERENCES `admin_users` (`id`) ON DELETE SET NULL;

--
-- Ketidakleluasaan untuk tabel `strapi_releases`
--
ALTER TABLE `strapi_releases`
  ADD CONSTRAINT `strapi_releases_created_by_id_fk` FOREIGN KEY (`created_by_id`) REFERENCES `admin_users` (`id`) ON DELETE SET NULL,
  ADD CONSTRAINT `strapi_releases_updated_by_id_fk` FOREIGN KEY (`updated_by_id`) REFERENCES `admin_users` (`id`) ON DELETE SET NULL;

--
-- Ketidakleluasaan untuk tabel `strapi_release_actions`
--
ALTER TABLE `strapi_release_actions`
  ADD CONSTRAINT `strapi_release_actions_created_by_id_fk` FOREIGN KEY (`created_by_id`) REFERENCES `admin_users` (`id`) ON DELETE SET NULL,
  ADD CONSTRAINT `strapi_release_actions_updated_by_id_fk` FOREIGN KEY (`updated_by_id`) REFERENCES `admin_users` (`id`) ON DELETE SET NULL;

--
-- Ketidakleluasaan untuk tabel `strapi_release_actions_release_lnk`
--
ALTER TABLE `strapi_release_actions_release_lnk`
  ADD CONSTRAINT `strapi_release_actions_release_lnk_fk` FOREIGN KEY (`release_action_id`) REFERENCES `strapi_release_actions` (`id`) ON DELETE CASCADE,
  ADD CONSTRAINT `strapi_release_actions_release_lnk_ifk` FOREIGN KEY (`release_id`) REFERENCES `strapi_releases` (`id`) ON DELETE CASCADE;

--
-- Ketidakleluasaan untuk tabel `strapi_transfer_tokens`
--
ALTER TABLE `strapi_transfer_tokens`
  ADD CONSTRAINT `strapi_transfer_tokens_created_by_id_fk` FOREIGN KEY (`created_by_id`) REFERENCES `admin_users` (`id`) ON DELETE SET NULL,
  ADD CONSTRAINT `strapi_transfer_tokens_updated_by_id_fk` FOREIGN KEY (`updated_by_id`) REFERENCES `admin_users` (`id`) ON DELETE SET NULL;

--
-- Ketidakleluasaan untuk tabel `strapi_transfer_token_permissions`
--
ALTER TABLE `strapi_transfer_token_permissions`
  ADD CONSTRAINT `strapi_transfer_token_permissions_created_by_id_fk` FOREIGN KEY (`created_by_id`) REFERENCES `admin_users` (`id`) ON DELETE SET NULL,
  ADD CONSTRAINT `strapi_transfer_token_permissions_updated_by_id_fk` FOREIGN KEY (`updated_by_id`) REFERENCES `admin_users` (`id`) ON DELETE SET NULL;

--
-- Ketidakleluasaan untuk tabel `strapi_transfer_token_permissions_token_lnk`
--
ALTER TABLE `strapi_transfer_token_permissions_token_lnk`
  ADD CONSTRAINT `strapi_transfer_token_permissions_token_lnk_fk` FOREIGN KEY (`transfer_token_permission_id`) REFERENCES `strapi_transfer_token_permissions` (`id`) ON DELETE CASCADE,
  ADD CONSTRAINT `strapi_transfer_token_permissions_token_lnk_ifk` FOREIGN KEY (`transfer_token_id`) REFERENCES `strapi_transfer_tokens` (`id`) ON DELETE CASCADE;

--
-- Ketidakleluasaan untuk tabel `strapi_workflows`
--
ALTER TABLE `strapi_workflows`
  ADD CONSTRAINT `strapi_workflows_created_by_id_fk` FOREIGN KEY (`created_by_id`) REFERENCES `admin_users` (`id`) ON DELETE SET NULL,
  ADD CONSTRAINT `strapi_workflows_updated_by_id_fk` FOREIGN KEY (`updated_by_id`) REFERENCES `admin_users` (`id`) ON DELETE SET NULL;

--
-- Ketidakleluasaan untuk tabel `strapi_workflows_stages`
--
ALTER TABLE `strapi_workflows_stages`
  ADD CONSTRAINT `strapi_workflows_stages_created_by_id_fk` FOREIGN KEY (`created_by_id`) REFERENCES `admin_users` (`id`) ON DELETE SET NULL,
  ADD CONSTRAINT `strapi_workflows_stages_updated_by_id_fk` FOREIGN KEY (`updated_by_id`) REFERENCES `admin_users` (`id`) ON DELETE SET NULL;

--
-- Ketidakleluasaan untuk tabel `strapi_workflows_stages_permissions_lnk`
--
ALTER TABLE `strapi_workflows_stages_permissions_lnk`
  ADD CONSTRAINT `strapi_workflows_stages_permissions_lnk_fk` FOREIGN KEY (`workflow_stage_id`) REFERENCES `strapi_workflows_stages` (`id`) ON DELETE CASCADE,
  ADD CONSTRAINT `strapi_workflows_stages_permissions_lnk_ifk` FOREIGN KEY (`permission_id`) REFERENCES `admin_permissions` (`id`) ON DELETE CASCADE;

--
-- Ketidakleluasaan untuk tabel `strapi_workflows_stages_workflow_lnk`
--
ALTER TABLE `strapi_workflows_stages_workflow_lnk`
  ADD CONSTRAINT `strapi_workflows_stages_workflow_lnk_fk` FOREIGN KEY (`workflow_stage_id`) REFERENCES `strapi_workflows_stages` (`id`) ON DELETE CASCADE,
  ADD CONSTRAINT `strapi_workflows_stages_workflow_lnk_ifk` FOREIGN KEY (`workflow_id`) REFERENCES `strapi_workflows` (`id`) ON DELETE CASCADE;

--
-- Ketidakleluasaan untuk tabel `strapi_workflows_stage_required_to_publish_lnk`
--
ALTER TABLE `strapi_workflows_stage_required_to_publish_lnk`
  ADD CONSTRAINT `strapi_workflows_stage_required_to_publish_lnk_fk` FOREIGN KEY (`workflow_id`) REFERENCES `strapi_workflows` (`id`) ON DELETE CASCADE,
  ADD CONSTRAINT `strapi_workflows_stage_required_to_publish_lnk_ifk` FOREIGN KEY (`workflow_stage_id`) REFERENCES `strapi_workflows_stages` (`id`) ON DELETE CASCADE;

--
-- Ketidakleluasaan untuk tabel `students`
--
ALTER TABLE `students`
  ADD CONSTRAINT `students_created_by_id_fk` FOREIGN KEY (`created_by_id`) REFERENCES `admin_users` (`id`) ON DELETE SET NULL,
  ADD CONSTRAINT `students_updated_by_id_fk` FOREIGN KEY (`updated_by_id`) REFERENCES `admin_users` (`id`) ON DELETE SET NULL;

--
-- Ketidakleluasaan untuk tabel `students_student_lessons_lnk`
--
ALTER TABLE `students_student_lessons_lnk`
  ADD CONSTRAINT `students_student_lessons_lnk_fk` FOREIGN KEY (`student_id`) REFERENCES `students` (`id`) ON DELETE CASCADE,
  ADD CONSTRAINT `students_student_lessons_lnk_ifk` FOREIGN KEY (`student_lesson_id`) REFERENCES `student_lessons` (`id`) ON DELETE CASCADE;

--
-- Ketidakleluasaan untuk tabel `student_lessons`
--
ALTER TABLE `student_lessons`
  ADD CONSTRAINT `student_lessons_created_by_id_fk` FOREIGN KEY (`created_by_id`) REFERENCES `admin_users` (`id`) ON DELETE SET NULL,
  ADD CONSTRAINT `student_lessons_updated_by_id_fk` FOREIGN KEY (`updated_by_id`) REFERENCES `admin_users` (`id`) ON DELETE SET NULL;

--
-- Ketidakleluasaan untuk tabel `teachers`
--
ALTER TABLE `teachers`
  ADD CONSTRAINT `teachers_created_by_id_fk` FOREIGN KEY (`created_by_id`) REFERENCES `admin_users` (`id`) ON DELETE SET NULL,
  ADD CONSTRAINT `teachers_updated_by_id_fk` FOREIGN KEY (`updated_by_id`) REFERENCES `admin_users` (`id`) ON DELETE SET NULL;

--
-- Ketidakleluasaan untuk tabel `upload_folders`
--
ALTER TABLE `upload_folders`
  ADD CONSTRAINT `upload_folders_created_by_id_fk` FOREIGN KEY (`created_by_id`) REFERENCES `admin_users` (`id`) ON DELETE SET NULL,
  ADD CONSTRAINT `upload_folders_updated_by_id_fk` FOREIGN KEY (`updated_by_id`) REFERENCES `admin_users` (`id`) ON DELETE SET NULL;

--
-- Ketidakleluasaan untuk tabel `upload_folders_parent_lnk`
--
ALTER TABLE `upload_folders_parent_lnk`
  ADD CONSTRAINT `upload_folders_parent_lnk_fk` FOREIGN KEY (`folder_id`) REFERENCES `upload_folders` (`id`) ON DELETE CASCADE,
  ADD CONSTRAINT `upload_folders_parent_lnk_ifk` FOREIGN KEY (`inv_folder_id`) REFERENCES `upload_folders` (`id`) ON DELETE CASCADE;

--
-- Ketidakleluasaan untuk tabel `up_permissions`
--
ALTER TABLE `up_permissions`
  ADD CONSTRAINT `up_permissions_created_by_id_fk` FOREIGN KEY (`created_by_id`) REFERENCES `admin_users` (`id`) ON DELETE SET NULL,
  ADD CONSTRAINT `up_permissions_updated_by_id_fk` FOREIGN KEY (`updated_by_id`) REFERENCES `admin_users` (`id`) ON DELETE SET NULL;

--
-- Ketidakleluasaan untuk tabel `up_permissions_role_lnk`
--
ALTER TABLE `up_permissions_role_lnk`
  ADD CONSTRAINT `up_permissions_role_lnk_fk` FOREIGN KEY (`permission_id`) REFERENCES `up_permissions` (`id`) ON DELETE CASCADE,
  ADD CONSTRAINT `up_permissions_role_lnk_ifk` FOREIGN KEY (`role_id`) REFERENCES `up_roles` (`id`) ON DELETE CASCADE;

--
-- Ketidakleluasaan untuk tabel `up_roles`
--
ALTER TABLE `up_roles`
  ADD CONSTRAINT `up_roles_created_by_id_fk` FOREIGN KEY (`created_by_id`) REFERENCES `admin_users` (`id`) ON DELETE SET NULL,
  ADD CONSTRAINT `up_roles_updated_by_id_fk` FOREIGN KEY (`updated_by_id`) REFERENCES `admin_users` (`id`) ON DELETE SET NULL;

--
-- Ketidakleluasaan untuk tabel `up_users`
--
ALTER TABLE `up_users`
  ADD CONSTRAINT `up_users_created_by_id_fk` FOREIGN KEY (`created_by_id`) REFERENCES `admin_users` (`id`) ON DELETE SET NULL,
  ADD CONSTRAINT `up_users_updated_by_id_fk` FOREIGN KEY (`updated_by_id`) REFERENCES `admin_users` (`id`) ON DELETE SET NULL;

--
-- Ketidakleluasaan untuk tabel `up_users_role_lnk`
--
ALTER TABLE `up_users_role_lnk`
  ADD CONSTRAINT `up_users_role_lnk_fk` FOREIGN KEY (`user_id`) REFERENCES `up_users` (`id`) ON DELETE CASCADE,
  ADD CONSTRAINT `up_users_role_lnk_ifk` FOREIGN KEY (`role_id`) REFERENCES `up_roles` (`id`) ON DELETE CASCADE;
COMMIT;

/*!40101 SET CHARACTER_SET_CLIENT=@OLD_CHARACTER_SET_CLIENT */;
/*!40101 SET CHARACTER_SET_RESULTS=@OLD_CHARACTER_SET_RESULTS */;
/*!40101 SET COLLATION_CONNECTION=@OLD_COLLATION_CONNECTION */;
